url,type,referer
https://mon-grand-est.fr/,page,
https://mon-grand-est.fr/category/villages-du-grand-est/,page,
https://mon-grand-est.fr/marche-de-noel-de-francfort/,page,
https://mon-grand-est.fr/marche-de-noel-de-cologne/,page,
https://mon-grand-est.fr/category/parcs-jardins-et-forets/,page,
https://mon-grand-est.fr/category/monuments/,page,
https://mon-grand-est.fr/marche-de-noel-de-stuttgart/,page,
https://mon-grand-est.fr/marche-de-noel-de-dresde/,page,
https://mon-grand-est.fr/mentions-legales/,page,
https://mon-grand-est.fr/noel-a-rothenburg-ob-der-tauber/,page,
https://mon-grand-est.fr/marche-de-noel-des-gorges-de-ravenna/,page,
https://mon-grand-est.fr/six-villes-allemandes/,page,
https://mon-grand-est.fr/speyer-spire-en-allemagne/,page,
https://mon-grand-est.fr/traites-de-westphalie-1648/,page,
https://mon-grand-est.fr/traites-de-westphalie-sur-lalsace/,page,
https://mon-grand-est.fr/promenade-guidee-de-oppede/,page,
https://mon-grand-est.fr/category/autour-de/,page,
https://mon-grand-est.fr/promenade-guidee-de-lauris/,page,
https://mon-grand-est.fr/chateau-de-ferrette/,page,
https://mon-grand-est.fr/author/guest/,page,
https://mon-grand-est.fr/cathedrale-de-spire/,page,
https://mon-grand-est.fr/vallee-de-la-moselle/,page,
https://mon-grand-est.fr/sundgau/,page,
https://mon-grand-est.fr/ensisheim/,page,
https://mon-grand-est.fr/quiz-de-mulhouse/,page,
https://mon-grand-est.fr/la-riche-histoire-de-strasbourg/,page,
https://mon-grand-est.fr/decapole-alsacienne/,page,
https://mon-grand-est.fr/quiz-de-strasbourg/,page,
https://mon-grand-est.fr/riquewihr-la-perle-du-vignoble-alsacien/,page,
https://mon-grand-est.fr/equipe-pour-la-randonnee/,page,
https://mon-grand-est.fr/lalsace-a-velo/,page,
https://mon-grand-est.fr/20-sites-a-15-km-autour-de-colmar/,page,
https://mon-grand-est.fr/autour-du-lac-dannecy/,page,
https://mon-grand-est.fr/autour-de-strasbourg/,page,
https://mon-grand-est.fr/autour-de-nancy/,page,
https://mon-grand-est.fr/category/bons-plans/,page,
https://mon-grand-est.fr/le-munster-fromage-des-vosges/,page,
https://mon-grand-est.fr/fetes-de-paques-en-alsace/,page,
https://mon-grand-est.fr/vosges/,page,
https://mon-grand-est.fr/kaysersberg-vignoble/,page,
https://mon-grand-est.fr/hunawihr-et-son-eglise-fortifiee/,page,
https://mon-grand-est.fr/route-des-vins-alsace/,page,
https://mon-grand-est.fr/category/preparer-son-voyage/preparatifs/,page,
https://mon-grand-est.fr/category/villages-du-grand-est/riquewihr/,page,
https://mon-grand-est.fr/vallee-de-kaysersberg/,page,
https://mon-grand-est.fr/category/villes-du-grand-est/kaysersberg/,page,
https://mon-grand-est.fr/mes-bons-plans-pour-visiter-kaysersberg/,page,
https://mon-grand-est.fr/badhus-kaysersberg-hostellerie-du-pont/,page,
https://mon-grand-est.fr/maison-du-forgeron-michel-herzer/,page,
https://mon-grand-est.fr/maison-faller-brief-de-kaysersberg/,page,
https://mon-grand-est.fr/fontaine-constantin-de-kaysersberg/,page,
https://mon-grand-est.fr/maison-loewert-de-kaysersberg/,page,
https://mon-grand-est.fr/remparts-de-kaysersberg/,page,
https://mon-grand-est.fr/decouvrir-kaysersberg/kaysersberg-78-french-moments/,page,
https://mon-grand-est.fr/maison-du-forgeron-michel-herzer/maison-du-forgeron-michel-herzer-07-french-moments/,page,
https://mon-grand-est.fr/maison-du-forgeron-michel-herzer/maison-du-forgeron-michel-herzer-02-french-moments/,page,
https://mon-grand-est.fr/maison-faller-brief-de-kaysersberg/maison-faller-brief-kaysersberg-05-french-moments/,page,
https://mon-grand-est.fr/marche-de-noel-de-kaysersberg/marche-de-noel-kaysersberg-08-french-moments/,page,
https://mon-grand-est.fr/remparts-de-kaysersberg/plaque-commemorative-tour-kessler-kaysersberg-french-moments/,page,
https://mon-grand-est.fr/remparts-de-kaysersberg/remparts-de-kaysersberg-02-french-moments/,page,
https://mon-grand-est.fr/remparts-de-kaysersberg/remparts-de-kaysersberg-05-french-moments/,page,
https://mon-grand-est.fr/remparts-de-kaysersberg/cigogne-kaysersberg-french-moments/,page,
https://mon-grand-est.fr/remparts-de-kaysersberg/porte-rue-des-forgerons-kaysersberg-french-moments/,page,
https://mon-grand-est.fr/remparts-de-kaysersberg/remparts-de-kaysersberg-01-french-moments/,page,
https://mon-grand-est.fr/5-idees-fausses-sur-noel/nativity-scene-kaysersberg-french-moments/,page,
https://mon-grand-est.fr/marche-de-noel-de-kaysersberg/marche-de-noel-kaysersberg-31-french-moments/,page,
https://mon-grand-est.fr/marche-de-noel-de-kaysersberg/marche-de-noel-kaysersberg-11-french-moments/,page,
https://mon-grand-est.fr/marche-de-noel-de-kaysersberg/marche-de-noel-kaysersberg-25-french-moments/,page,
https://mon-grand-est.fr/fontaine-constantin-de-kaysersberg/fontaine-constantin-kaysersberg-03-french-moments/,page,
https://mon-grand-est.fr/fontaine-constantin-de-kaysersberg/fontaine-constantin-kaysersberg-02-french-moments/,page,
https://mon-grand-est.fr/fontaine-constantin-de-kaysersberg/fontaine-constantin-kaysersberg-04-french-moments/,page,
https://mon-grand-est.fr/maison-faller-brief-de-kaysersberg/maison-faller-brief-kaysersberg-03-french-moments/,page,
https://mon-grand-est.fr/maison-faller-brief-de-kaysersberg/maison-faller-brief-kaysersberg-02-french-moments/,page,
https://mon-grand-est.fr/maison-faller-brief-de-kaysersberg/maison-faller-brief-kaysersberg-04-french-moments/,page,
https://mon-grand-est.fr/maison-du-forgeron-michel-herzer/maison-du-forgeron-michel-herzer-06-french-moments/,page,
https://mon-grand-est.fr/maison-du-forgeron-michel-herzer/maison-du-forgeron-michel-herzer-11-french-moments/,page,
https://mon-grand-est.fr/maison-du-forgeron-michel-herzer/maison-du-forgeron-michel-herzer-05-french-moments/,page,
https://mon-grand-est.fr/maison-du-forgeron-michel-herzer/maison-du-forgeron-michel-herzer-10-french-moments/,page,
https://mon-grand-est.fr/maison-du-forgeron-michel-herzer/maison-du-forgeron-michel-herzer-01-french-moments/,page,
https://mon-grand-est.fr/badhus-kaysersberg-hostellerie-du-pont/badhus-kaysersberg-2-french-moments/,page,
https://mon-grand-est.fr/badhus-kaysersberg-hostellerie-du-pont/kaysersberg-24-french-moments/,page,
https://mon-grand-est.fr/marche-de-noel-de-kaysersberg/marche-de-noel-kaysersberg-28-french-moments/,page,
https://mon-grand-est.fr/badhus-kaysersberg-hostellerie-du-pont/badhus-kaysersberg-1-french-moments/,page,
https://mon-grand-est.fr/marche-de-noel-de-kaysersberg/marche-de-noel-kaysersberg-27-french-moments/,page,
https://mon-grand-est.fr/hotel-de-ville-de-kaysersberg/,page,
https://mon-grand-est.fr/chapelle-saint-michel-de-kaysersberg-et-son-ossuaire/,page,
https://mon-grand-est.fr/category/villages-du-grand-est/kientzheim/,page,
https://mon-grand-est.fr/category/villages-du-grand-est/sigolsheim/,page,
https://mon-grand-est.fr/kaysersberg-village-prefere-des-francais-2017/,page,
https://mon-grand-est.fr/category/cours-intensif-alsace-2012/,page,
https://mon-grand-est.fr/dune-fromagerie-a-riquewihr/,page,
https://mon-grand-est.fr/hotel-de-ville-de-kaysersberg/hotel-de-ville-de-kaysersberg-14-french-moments/,page,
https://mon-grand-est.fr/hotel-de-ville-de-kaysersberg/hotel-de-ville-de-kaysersberg-05-french-moments/,page,
https://mon-grand-est.fr/hotel-de-ville-de-kaysersberg/hotel-de-ville-de-kaysersberg-02-french-moments/,page,
https://mon-grand-est.fr/visite-de-la-mairie-de-kientzheim/,page,
https://mon-grand-est.fr/hotel-de-ville-de-kaysersberg/hotel-de-ville-de-kaysersberg-01-french-moments/,page,
https://mon-grand-est.fr/hotel-de-ville-de-kaysersberg/hotel-de-ville-de-kaysersberg-08-french-moments/,page,
https://mon-grand-est.fr/hotel-de-ville-de-kaysersberg/hotel-de-ville-de-kaysersberg-17-french-moments/,page,
https://mon-grand-est.fr/hotel-de-ville-de-kaysersberg/hotel-de-ville-de-kaysersberg-11-french-moments/,page,
https://mon-grand-est.fr/douze-jours-de-decouverte-de-lalsace/,page,
https://mon-grand-est.fr/escapade-route-cretes/,page,
https://mon-grand-est.fr/category/villes-du-grand-est/rouffach/,page,
https://mon-grand-est.fr/category/villages-du-grand-est/eguisheim/,page,
https://mon-grand-est.fr/repas-gastronomique-au-chateau-disenbourg-et-visite-deguisheim/,page,
https://mon-grand-est.fr/samedi-a-colmar/,page,
https://mon-grand-est.fr/un-dimanche-a-lecomusee-dalsace/,page,
https://mon-grand-est.fr/visite-du-haut-koenigsbourg-et-dhunawihr/,page,
https://mon-grand-est.fr/une-journee-de-decouverte-a-strasbourg/,page,
https://mon-grand-est.fr/petite-incursion-dans-les-vosges/,page,
https://mon-grand-est.fr/la-chasse-au-tresor-a-kaysersberg/,page,
https://mon-grand-est.fr/vol-en-helicoptere-au-dessus-de-la-route-vins-dalsace/,page,
https://mon-grand-est.fr/fete-dadieu-au-moreote-a-kaysersberg/,page,
https://mon-grand-est.fr/le-mesureur-de-ventre-de-strasbourg/,page,
https://mon-grand-est.fr/repas-gastronomique-masterchef-a-kaysersberg/,page,
https://mon-grand-est.fr/la-parade-des-oies-et-des-cochons-a-lecomusee-dalsace/,page,
https://mon-grand-est.fr/category/arts-et-loisirs/musees-et-expositions/ecomusee-dalsace/,page,
https://mon-grand-est.fr/au-feu-les-pompiers-de-lecomusee/,page,
https://mon-grand-est.fr/chateaux-des-vosges-du-nord/,page,
https://mon-grand-est.fr/sejourner-a-strasbourg/,page,
https://mon-grand-est.fr/place-du-marche-aux-cochons-de-lait/,page,
https://mon-grand-est.fr/coins-perdus-en-alsace/,page,
https://mon-grand-est.fr/hotel-de-ville-de-nancy/strasbourg-christmas-market-2018-17-french-moments/,page,
https://mon-grand-est.fr/marche-de-noel-de-strasbourg/strasbourg-christmas-market-2018-32-french-moments/,page,
https://mon-grand-est.fr/author/marie-christine-guernier/,page,
https://mon-grand-est.fr/marche-de-noel-de-strasbourg/strasbourg-christmas-market-2018-56-french-moments/,page,
https://mon-grand-est.fr/trouee-de-belfort/,page,
https://mon-grand-est.fr/jura-alsacien/,page,
https://mon-grand-est.fr/category/traditions/noel/personnages-de-noel/saint-nicolas/,page,
https://mon-grand-est.fr/nous-avons-rencontre-saint-nicolas/,page,
https://mon-grand-est.fr/category/villages-du-grand-est/moivrons/,page,
https://mon-grand-est.fr/marche-de-printemps-en-lorraine/,page,
https://mon-grand-est.fr/category/villes-du-grand-est/altkirch/,page,
https://mon-grand-est.fr/commemorations-de-larmistice-du-11-novembre/,page,
https://mon-grand-est.fr/escapade-dans-le-bas-rhin/,page,
https://mon-grand-est.fr/tradition-de-la-saint-nicolas-en-lorraine/,page,
https://mon-grand-est.fr/sejour-a-nancy-pour-la-saint-nicolas/,page,
https://mon-grand-est.fr/podcast-sur-saint-nicolas/,page,
https://mon-grand-est.fr/qui-est-le-pere-fouettard/,page,
https://mon-grand-est.fr/mirabelliers-en-fleurs-en-lorraine/,page,
https://mon-grand-est.fr/recit-de-voyage-de-laeroport-de-zurich-a-altkirch/,page,
https://mon-grand-est.fr/jour-nouveau-se-leve-alsace/,page,
https://mon-grand-est.fr/histoire-daltkirch/,page,
https://mon-grand-est.fr/escapade-dans-le-bas-rhin/petite-pierre-french-moments/,page,
https://mon-grand-est.fr/escapade-dans-le-bas-rhin/seebach-french-moments/,page,
https://mon-grand-est.fr/photos-de-printemps-en-lorraine/,page,
https://mon-grand-est.fr/toulois/,page,
https://mon-grand-est.fr/mirabelle-de-lorraine-vaut-de-lor/,page,
https://mon-grand-est.fr/escapade-dans-le-bas-rhin/seebach-belle-alsace-french-moments/,page,
https://mon-grand-est.fr/escapade-dans-le-bas-rhin/vosges-du-nord-french-moments-2/,page,
https://mon-grand-est.fr/escapade-dans-le-bas-rhin/niederbronn-les-bains-maison-french-moments/,page,
https://mon-grand-est.fr/mirabelle-de-lorraine-vaut-de-lor/fabrication-mirabelle-en-verre/,page,
https://mon-grand-est.fr/mirabelle-de-lorraine-vaut-de-lor/bracelet-verre-mirabelle-michael-vessiere/,page,
https://mon-grand-est.fr/mirabelle-de-lorraine-vaut-de-lor/bijou-mirabelle-de-lorraine/,page,
https://mon-grand-est.fr/quiz-de-la-lorraine/,page,
https://mon-grand-est.fr/parc-naturel-regional-de-lorraine/,page,
https://mon-grand-est.fr/gourmandises-lorraines/,page,
https://mon-grand-est.fr/palais-du-gouverneur-de-metz/,page,
https://mon-grand-est.fr/bateau-solaire-sur-la-moselle-metz/,page,
https://mon-grand-est.fr/vieille-ville-de-metz/,page,
https://mon-grand-est.fr/metz-en-2-jours/,page,
https://mon-grand-est.fr/place-dalliance-nancy/avenue-foch-05-french-moments/,page,
https://mon-grand-est.fr/graoully-metz/,page,
https://mon-grand-est.fr/place-dalliance-nancy/place-raymond-mondon-01-french-moments/,page,
https://mon-grand-est.fr/place-dalliance-nancy/gare-de-metz-exterior-03-french-moments/,page,
https://mon-grand-est.fr/quartier-imperial-allemand-de-metz/avenue-foch-imperial-district-metz-french-moments/,page,
https://mon-grand-est.fr/place-dalliance-nancy/hotel-des-postes-metz-01-french-moments/,page,
https://mon-grand-est.fr/place-dalliance-nancy/avenue-foch-01-french-moments/,page,
https://mon-grand-est.fr/place-dalliance-nancy/chateau-deau-metz-03-french-moments/,page,
https://mon-grand-est.fr/place-dalliance-nancy/metz-cathedral-01-french-moments-3/,page,
https://mon-grand-est.fr/place-dalliance-nancy/metz-cathedral-06-french-moments-3/,page,
https://mon-grand-est.fr/place-dalliance-nancy/metz-cathedral-02-french-moments-3/,page,
https://mon-grand-est.fr/place-dalliance-nancy/metz-cathedral-05-french-moments-3/,page,
https://mon-grand-est.fr/place-dalliance-nancy/metz-cathedral-04-french-moments-3/,page,
https://mon-grand-est.fr/vieille-ville-de-metz/hotel-de-saint-livier-metz-by-night-french-moments/,page,
https://mon-grand-est.fr/vieille-ville-de-metz/hotel-de-saint-livier-portail-metz-french-moments/,page,
https://mon-grand-est.fr/place-dalliance-nancy/hotel-de-saint-livier-french-moments/,page,
https://mon-grand-est.fr/decouvrir-marche-de-noel-de-metz/,page,
https://mon-grand-est.fr/place-dalliance-nancy/place-saint-louis-metz-03-french-moments-2/,page,
https://mon-grand-est.fr/place-dalliance-nancy/place-saint-louis-metz-01-french-moments-2/,page,
https://mon-grand-est.fr/place-dalliance-nancy/place-saint-louis-metz-02-french-moments-2/,page,
https://mon-grand-est.fr/marche-de-saint-nicolas-a-nancy/,page,
https://mon-grand-est.fr/tradition-de-la-creche-de-noel/,page,
https://mon-grand-est.fr/sentier-des-lanternes-metz/,page,
https://mon-grand-est.fr/voyage-de-noel-en-alsace-lorraine/,page,
https://mon-grand-est.fr/vieille-ville-de-metz/louis-xv/,page,
https://mon-grand-est.fr/place-dalliance-nancy/eglise-notre-dame-metz-03-french-moments/,page,
https://mon-grand-est.fr/place-dalliance-nancy/eglise-notre-dame-metz-01-french-moments/,page,
https://mon-grand-est.fr/lorraine-en-decembre/,page,
https://mon-grand-est.fr/hotel-de-ville-de-nancy/mulhouse-christmas-2018-02-french-moments/,page,
https://mon-grand-est.fr/hotel-de-ville-de-nancy/mulhouse-christmas-2018-04-french-moments/,page,
https://mon-grand-est.fr/hotel-de-ville-de-nancy/mulhouse-christmas-2018-10-french-moments/,page,
https://mon-grand-est.fr/hotel-de-ville-de-nancy/mulhouse-christmas-2018-01-french-moments/,page,
https://mon-grand-est.fr/hotel-de-ville-de-nancy/mulhouse-christmas-2018-03-french-moments/,page,
https://mon-grand-est.fr/hotel-de-ville-de-nancy/mulhouse-christmas-2018-05-french-moments/,page,
https://mon-grand-est.fr/hotel-de-ville-de-nancy/mulhouse-christmas-2018-06-french-moments/,page,
https://mon-grand-est.fr/hotel-de-ville-de-nancy/mulhouse-christmas-2018-07-french-moments/,page,
https://mon-grand-est.fr/hotel-de-ville-de-nancy/ecomusee-christmas-05-french-moments/,page,
https://mon-grand-est.fr/hotel-de-ville-de-nancy/ecomusee-christmas-08-french-moments/,page,
https://mon-grand-est.fr/hotel-de-ville-de-nancy/ecomusee-christmas-01-french-moments/,page,
https://mon-grand-est.fr/hotel-de-ville-de-nancy/ecomusee-christmas-03-french-moments/,page,
https://mon-grand-est.fr/hotel-de-ville-de-nancy/ecomusee-christmas-06-french-moments/,page,
https://mon-grand-est.fr/hotel-de-ville-de-nancy/maison-du-pain-selestat-01-french-moments/,page,
https://mon-grand-est.fr/hotel-de-ville-de-nancy/maison-du-pain-selestat-03-french-moments/,page,
https://mon-grand-est.fr/hotel-de-ville-de-nancy/maison-du-pain-selestat-07-french-moments/,page,
https://mon-grand-est.fr/hotel-de-ville-de-nancy/selestat-christmas-03-french-moments/,page,
https://mon-grand-est.fr/hotel-de-ville-de-nancy/selestat-christmas-15-french-moments/,page,
https://mon-grand-est.fr/hotel-de-ville-de-nancy/selestat-christmas-02-french-moments/,page,
https://mon-grand-est.fr/marche-de-noel-de-selestat/le-lustre-de-boules-de-meisenthal-1-shkt/,page,
https://mon-grand-est.fr/hotel-de-ville-de-nancy/selestat-christmas-18-french-moments/,page,
https://mon-grand-est.fr/hotel-de-ville-de-nancy/selestat-christmas-07-french-moments/,page,
https://mon-grand-est.fr/hotel-de-ville-de-nancy/selestat-christmas-09-french-moments/,page,
https://mon-grand-est.fr/hotel-de-ville-de-nancy/selestat-christmas-06-french-moments/,page,
https://mon-grand-est.fr/hotel-de-ville-de-nancy/selestat-christmas-28-french-moments/,page,
https://mon-grand-est.fr/hotel-de-ville-de-nancy/selestat-saint-georges-church-stained-glass-windows-french-moments/,page,
https://mon-grand-est.fr/hotel-de-ville-de-nancy/selestat-christmas-30-french-moments/,page,
https://mon-grand-est.fr/hotel-de-ville-de-nancy/selestat-christmas-29-french-moments/,page,
https://mon-grand-est.fr/hotel-de-ville-de-nancy/selestat-christmas-32-french-moments/,page,
https://mon-grand-est.fr/hotel-de-ville-de-nancy/selestat-christmas-12-french-moments/,page,
https://mon-grand-est.fr/site-verrier-de-meisenthal/,page,
https://mon-grand-est.fr/origines-du-sapin-de-noel/,page,
https://mon-grand-est.fr/hotel-de-ville-de-nancy/obernai-christmas-07-french-moments/,page,
https://mon-grand-est.fr/hotel-de-ville-de-nancy/obernai-christmas-09-french-moments/,page,
https://mon-grand-est.fr/podcast-sur-le-sapin-de-noel/,page,
https://mon-grand-est.fr/legendes-du-sapin-de-noel/,page,
https://mon-grand-est.fr/bibliotheque-humaniste-de-selestat/,page,
https://mon-grand-est.fr/decorer-son-sapin-de-noel/,page,
https://mon-grand-est.fr/comment-choisir-votre-sapin-de-noel/,page,
https://mon-grand-est.fr/sapin-de-noel-en-chiffres/,page,
https://mon-grand-est.fr/plus-beau-marche-de-noel-en-alsace/,page,
https://mon-grand-est.fr/illuminations-de-noel-alsace-lorraine/,page,
https://mon-grand-est.fr/category/villes-du-grand-est/selestat/,page,
https://mon-grand-est.fr/monaco-de-nuit/,page,
https://mon-grand-est.fr/menton-riviera/,page,
https://mon-grand-est.fr/arriere-pays-nicois/,page,
https://mon-grand-est.fr/eze-cote-dazur/,page,
https://mon-grand-est.fr/category/villes-du-grand-est/menton/,page,
https://mon-grand-est.fr/noel-a-nancy/nancy-grande-rue-christmas-06-french-moments/,page,
https://mon-grand-est.fr/noel-a-nancy/nancy-grande-roue-noel-05-french-moments/,page,
https://mon-grand-est.fr/voyage-de-noel-en-alsace-lorraine/nancy-place-de-la-carriere-christmas-03-french-moments/,page,
https://mon-grand-est.fr/cathedrale-de-metz/sentier-des-lumieres-metz-08-french-moments/,page,
https://mon-grand-est.fr/cathedrale-de-metz/sentier-des-lumieres-metz-11-french-moments/,page,
https://mon-grand-est.fr/cathedrale-de-metz/sentier-des-lumieres-metz-22-french-moments/,page,
https://mon-grand-est.fr/cathedrale-de-metz/metz-gare-noel-05-french-moments/,page,
https://mon-grand-est.fr/cathedrale-de-metz/metz-gare-noel-03-french-moments/,page,
https://mon-grand-est.fr/cathedrale-de-metz/metz-gare-noel-02-french-moments/,page,
https://mon-grand-est.fr/cathedrale-de-metz/metz-place-darmes-noel-05-french-moments/,page,
https://mon-grand-est.fr/cathedrale-de-metz/metz-cathedrale-noel-03-french-moments/,page,
https://mon-grand-est.fr/cathedrale-de-metz/metz-place-darmes-noel-10-french-moments/,page,
https://mon-grand-est.fr/marche-de-noel-de-montbeliard/,page,
https://mon-grand-est.fr/marche-de-noel-de-montbeliard/marche-de-noel-de-montbeliard-31-french-moments/,page,
https://mon-grand-est.fr/marche-de-noel-de-montbeliard/marche-de-noel-de-montbeliard-23-french-moments/,page,
https://mon-grand-est.fr/marche-de-noel-de-montbeliard/marche-de-noel-de-montbeliard-01-french-moments/,page,
https://mon-grand-est.fr/marche-de-noel-de-montbeliard/marche-de-noel-de-montbeliard-03-french-moments/,page,
https://mon-grand-est.fr/marche-de-noel-de-montbeliard/marche-de-noel-de-montbeliard-02-french-moments/,page,
https://mon-grand-est.fr/marche-de-noel-de-montbeliard/marche-de-noel-de-montbeliard-06-french-moments/,page,
https://mon-grand-est.fr/marche-de-noel-de-montbeliard/marche-de-noel-de-montbeliard-08-french-moments/,page,
https://mon-grand-est.fr/marche-de-noel-de-montbeliard/marche-de-noel-de-montbeliard-09-french-moments/,page,
https://mon-grand-est.fr/marche-de-noel-de-montbeliard/marche-de-noel-de-montbeliard-15-french-moments/,page,
https://mon-grand-est.fr/marche-de-noel-de-montbeliard/marche-de-noel-de-montbeliard-14-french-moments/,page,
https://mon-grand-est.fr/marche-de-noel-de-montbeliard/marche-de-noel-de-montbeliard-16-french-moments/,page,
https://mon-grand-est.fr/marche-de-noel-de-montbeliard/marche-de-noel-de-montbeliard-18-french-moments/,page,
https://mon-grand-est.fr/marche-de-noel-de-montbeliard/marche-de-noel-de-montbeliard-22-french-moments/,page,
https://mon-grand-est.fr/marche-de-noel-de-montbeliard/marche-de-noel-de-montbeliard-30-french-moments/,page,
https://mon-grand-est.fr/marche-de-noel-de-montbeliard/marche-de-noel-de-montbeliard-27-french-moments/,page,
https://mon-grand-est.fr/marches-de-noel-en-allemagne/,page,
https://mon-grand-est.fr/category/traditions/noel/destinations-de-noel/noel-en-franche-comte/,page,
https://mon-grand-est.fr/category/villes-du-grand-est/montbeliard/,page,
https://mon-grand-est.fr/category/franche-comte/doubs/,page,
https://mon-grand-est.fr/qui-est-tante-airie/,page,
https://mon-grand-est.fr/marche-de-noel-de-munich/,page,
https://mon-grand-est.fr/marche-de-noel-de-bale-suisse/,page,
https://mon-grand-est.fr/marche-de-noel-de-montbeliard/marche-de-noel-de-montbeliard-29-french-moments/,page,
https://mon-grand-est.fr/marche-de-noel-de-thann/,page,
https://mon-grand-est.fr/hotel-de-ville-de-nancy/selestat-christmas-19-french-moments/,page,
https://mon-grand-est.fr/pourquoi-il-fait-beau-a-colmar/obernai-christmas-04-french-moments-2/,page,
https://mon-grand-est.fr/personnages-de-noel/,page,
https://mon-grand-est.fr/marche-de-noel-de-bale-suisse/marche-de-noel-de-bale-02-french-moments/,page,
https://mon-grand-est.fr/marche-de-noel-de-thann/marche-de-noel-de-thann-18-french-moments/,page,
https://mon-grand-est.fr/marche-de-noel-de-thann/marche-de-noel-de-thann-19-french-moments/,page,
https://mon-grand-est.fr/marche-de-noel-de-thann/marche-de-noel-de-thann-20-french-moments/,page,
https://mon-grand-est.fr/marche-de-noel-de-thann/marche-de-noel-de-thann-08-french-moments/,page,
https://mon-grand-est.fr/marche-de-noel-de-thann/marche-de-noel-de-thann-13-french-moments/,page,
https://mon-grand-est.fr/marche-de-noel-de-thann/marche-de-noel-de-thann-09-french-moments/,page,
https://mon-grand-est.fr/marche-de-noel-de-thann/marche-de-noel-de-thann-14-french-moments/,page,
https://mon-grand-est.fr/marche-de-noel-de-thann/marche-de-noel-de-thann-11-french-moments/,page,
https://mon-grand-est.fr/marche-de-noel-de-thann/marche-de-noel-de-thann-01-french-moments/,page,
https://mon-grand-est.fr/marche-de-noel-de-thann/marche-de-noel-de-thann-02-french-moments/,page,
https://mon-grand-est.fr/marche-de-noel-de-thann/marche-de-noel-de-thann-06-french-moments/,page,
https://mon-grand-est.fr/marche-de-noel-de-thann/marche-de-noel-de-thann-03-french-moments/,page,
https://mon-grand-est.fr/marche-de-noel-de-thann/marche-de-noel-de-thann-04-french-moments/,page,
https://mon-grand-est.fr/marche-de-noel-de-thann/marche-de-noel-de-thann-07-french-moments/,page,
https://mon-grand-est.fr/dates-des-marches-de-noel/thann-french-moments-christmas-market-04/,page,
https://mon-grand-est.fr/marche-de-noel-de-thann/marche-de-noel-de-thann-16-french-moments/,page,
https://mon-grand-est.fr/marche-de-noel-de-thann/marche-de-noel-de-thann-17-french-moments/,page,
https://mon-grand-est.fr/marche-de-noel-de-thann/marche-de-noel-de-thann-23-french-moments/,page,
https://mon-grand-est.fr/marche-de-noel-de-thann/marche-de-noel-de-thann-21-french-moments/,page,
https://mon-grand-est.fr/marche-de-noel-de-thann/marche-de-noel-de-thann-26-french-moments/,page,
https://mon-grand-est.fr/marche-de-noel-de-bale-suisse/marche-de-noel-de-bale-04-french-moments/,page,
https://mon-grand-est.fr/marche-de-noel-de-bale-suisse/marche-de-noel-de-bale-05-french-moments/,page,
https://mon-grand-est.fr/marche-de-noel-de-bale-suisse/marche-de-noel-de-bale-07-french-moments/,page,
https://mon-grand-est.fr/marche-de-noel-de-bale-suisse/marche-de-noel-de-bale-08-french-moments/,page,
https://mon-grand-est.fr/marche-de-noel-de-bale-suisse/marche-de-noel-de-bale-10-french-moments/,page,
https://mon-grand-est.fr/marche-de-noel-de-bale-suisse/marche-de-noel-de-bale-12-french-moments/,page,
https://mon-grand-est.fr/marche-de-noel-de-bale-suisse/marche-de-noel-de-bale-13-french-moments/,page,
https://mon-grand-est.fr/marche-de-noel-de-bale-suisse/marche-de-noel-de-bale-15-french-moments/,page,
https://mon-grand-est.fr/marche-de-noel-de-bale-suisse/marche-de-noel-de-bale-16-french-moments/,page,
https://mon-grand-est.fr/marche-de-noel-de-bale-suisse/marche-de-noel-de-bale-17-french-moments/,page,
https://mon-grand-est.fr/category/villes-du-grand-est/bale/,page,
https://mon-grand-est.fr/tradition-de-lepiphanie/,page,
https://mon-grand-est.fr/pourquoi-il-fait-beau-a-colmar/obernai-christmas-10-french-moments-2/,page,
https://mon-grand-est.fr/pourquoi-il-fait-beau-a-colmar/obernai-christmas-16-french-moments/,page,
https://mon-grand-est.fr/category/traditions/noel/noel-gourmand/,page,
https://mon-grand-est.fr/category/bons-plans/mes-recettes/,page,
https://mon-grand-est.fr/recette-pour-reussir-vos-leckerlis/,page,
https://mon-grand-est.fr/tremblement-de-terre-de-bale-1356/,page,
https://mon-grand-est.fr/pourquoi-il-fait-beau-a-colmar/obernai-christmas-49-french-moments/,page,
https://mon-grand-est.fr/5-idees-fausses-sur-noel/,page,
https://mon-grand-est.fr/hotel-de-ville-de-nancy/wissembourg-christmas-45-french-moments/,page,
https://mon-grand-est.fr/buche-de-noel/,page,
https://mon-grand-est.fr/category/villes-du-grand-est/commercy/,page,
https://mon-grand-est.fr/gaufres-lorraines/,page,
https://mon-grand-est.fr/noel-enchanteur/,page,
https://mon-grand-est.fr/tradition-du-marche-de-noel/eguisheim-christmas-04-french-moments/,page,
https://mon-grand-est.fr/marche-de-noel-de-kaysersberg/marche-de-noel-eguisheim-22-french-moments/,page,
https://mon-grand-est.fr/marche-de-noel-de-kaysersberg/marche-de-noel-eguisheim-25-french-moments/,page,
https://mon-grand-est.fr/voyage-au-pays-de-noel/,page,
https://mon-grand-est.fr/gaufres-lorraines/waffles-04-french-moments/,page,
https://mon-grand-est.fr/gaufres-lorraines/waffles-06-french-moments/,page,
https://mon-grand-est.fr/marche-de-noel-de-colmar/marche-de-noel-de-colmar-24-french-moments/,page,
https://mon-grand-est.fr/marche-de-noel-de-mulhouse/marche-de-noel-de-mulhouse-12-french-moments/,page,
https://mon-grand-est.fr/marche-de-noel-de-kaysersberg/marche-de-noel-eguisheim-03-french-moments/,page,
https://mon-grand-est.fr/cadeau-de-noel/champs-elysees-traffic-christmas-french-moments/,page,
https://mon-grand-est.fr/marche-de-noel-de-kaysersberg/marche-de-noel-eguisheim-46-french-moments/,page,
https://mon-grand-est.fr/marche-de-noel-de-mulhouse/marche-de-noel-de-mulhouse-19-french-moments/,page,
https://mon-grand-est.fr/marche-de-noel-de-mulhouse/marche-de-noel-de-mulhouse-22-french-moments/,page,
https://mon-grand-est.fr/marche-de-noel-de-montbeliard/marche-de-noel-de-montbeliard-21-french-moments/,page,
https://mon-grand-est.fr/marche-de-noel-de-strasbourg/marche-de-noel-de-strasbourg-03-french-moments/,page,
https://mon-grand-est.fr/marche-de-noel-de-riquewihr/marche-de-noel-de-riquewihr-20-french-moments/,page,
https://mon-grand-est.fr/marche-de-noel-de-kaysersberg/marche-de-noel-kaysersberg-33-french-moments/,page,
https://mon-grand-est.fr/marche-de-noel-de-colmar/marche-de-noel-de-colmar-16-french-moments/,page,
https://mon-grand-est.fr/marche-de-noel-de-strasbourg/marche-de-noel-de-strasbourg-24-french-moments/,page,
https://mon-grand-est.fr/marche-de-noel-de-kaysersberg/marche-de-noel-kaysersberg-10-french-moments/,page,
https://mon-grand-est.fr/marche-de-noel-de-kaysersberg/marche-de-noel-eguisheim-37-french-moments/,page,
https://mon-grand-est.fr/gaufres-lorraines/waffles-07-french-moments/,page,
https://mon-grand-est.fr/carnaval-de-mulhouse-grand-est/,page,
https://mon-grand-est.fr/marche-de-noel-de-kaysersberg/marche-de-noel-eguisheim-44-french-moments/,page,
https://mon-grand-est.fr/marche-de-noel-de-kaysersberg/marche-de-noel-eguisheim-45-french-moments/,page,
https://mon-grand-est.fr/marche-de-noel-de-kaysersberg/marche-de-noel-eguisheim-48-french-moments/,page,
https://mon-grand-est.fr/pourquoi-il-fait-beau-a-colmar/obernai-christmas-23-french-moments/,page,
https://mon-grand-est.fr/pourquoi-il-fait-beau-a-colmar/obernai-christmas-55-french-moments/,page,
https://mon-grand-est.fr/pourquoi-il-fait-beau-a-colmar/obernai-christmas-69-french-moments/,page,
https://mon-grand-est.fr/pourquoi-il-fait-beau-a-colmar/obernai-christmas-72-french-moments/,page,
https://mon-grand-est.fr/pourquoi-il-fait-beau-a-colmar/obernai-christmas-71-french-moments/,page,
https://mon-grand-est.fr/pourquoi-il-fait-beau-a-colmar/obernai-christmas-80-french-moments/,page,
https://mon-grand-est.fr/hotel-de-ville-de-nancy/wissembourg-christmas-16-french-moments/,page,
https://mon-grand-est.fr/hotel-de-ville-de-nancy/wissembourg-christmas-10-french-moments/,page,
https://mon-grand-est.fr/hotel-de-ville-de-nancy/wissembourg-christmas-41-french-moments/,page,
https://mon-grand-est.fr/hotel-de-ville-de-nancy/wissembourg-christmas-46-french-moments/,page,
https://mon-grand-est.fr/hotel-de-ville-de-nancy/wissembourg-christmas-47-french-moments/,page,
https://mon-grand-est.fr/histoire-du-pere-noel/,page,
https://mon-grand-est.fr/hotel-de-ville-de-nancy/wissembourg-christmas-21-french-moments/,page,
https://mon-grand-est.fr/marche-de-noel-de-wissembourg/wissembourg-christmas-48-french-moments/,page,
https://mon-grand-est.fr/hotel-de-ville-de-nancy/wissembourg-christmas-11-french-moments/,page,
https://mon-grand-est.fr/hotel-de-ville-de-nancy/maison-du-pain-selestat-02-french-moments/,page,
https://mon-grand-est.fr/histoire-du-pere-noel/bob-satterfield-santa-claus-1903/,page,
https://mon-grand-est.fr/histoire-du-pere-noel/le-bonhomme-noel-dans-le-monde-1895/,page,
https://mon-grand-est.fr/histoire-du-pere-noel/santa-claus-by-thomas-nast-1881/,page,
https://mon-grand-est.fr/histoire-du-pere-noel/santa-claus-by-thomas-nast-in-harpers-1863/,page,
https://mon-grand-est.fr/category/traditions/noel/personnages-de-noel/pere-noel/,page,
https://mon-grand-est.fr/hotel-de-ville-de-nancy/selestat-christmas-27-french-moments/,page,
https://mon-grand-est.fr/hotel-de-ville-de-nancy/selestat-christmas-10-french-moments/,page,
https://mon-grand-est.fr/hotel-de-ville-de-nancy/selestat-christmas-13-french-moments/,page,
https://mon-grand-est.fr/hotel-de-ville-de-nancy/mulhouse-christmas-2018-21-french-moments/,page,
https://mon-grand-est.fr/hotel-de-ville-de-nancy/mulhouse-christmas-2018-27-french-moments/,page,
https://mon-grand-est.fr/hotel-de-ville-de-nancy/mulhouse-christmas-2018-31-french-moments/,page,
https://mon-grand-est.fr/hotel-de-ville-de-nancy/mulhouse-christmas-2018-42-french-moments/,page,
https://mon-grand-est.fr/paternatalophobie/,page,
https://mon-grand-est.fr/hotel-de-ville-de-nancy/mulhouse-christmas-2018-37-french-moments/,page,
https://mon-grand-est.fr/hotel-de-ville-de-nancy/mulhouse-christmas-2018-16-french-moments/,page,
https://mon-grand-est.fr/hotel-de-ville-de-nancy/mulhouse-christmas-2018-08-french-moments/,page,
https://mon-grand-est.fr/hotel-de-ville-de-nancy/mulhouse-christmas-2018-51-french-moments/,page,
https://mon-grand-est.fr/hotel-de-ville-de-nancy/mulhouse-christmas-2018-09-french-moments/,page,
https://mon-grand-est.fr/petite-venise-de-colmar/colmar-petite-venise-half-timbered-houses-night-french-moments/,page,
https://mon-grand-est.fr/petite-venise-de-colmar/colmar-place-des-montagnes-noires-christmas-french-moments/,page,
https://mon-grand-est.fr/marche-de-noel-de-colmar/colmar-christmas-market-111-french-moments/,page,
https://mon-grand-est.fr/marche-de-noel-de-strasbourg/strasbourg-christmas-market-2018-33-french-moments/,page,
https://mon-grand-est.fr/marche-de-noel-de-strasbourg/strasbourg-christmas-market-2018-69-french-moments/,page,
https://mon-grand-est.fr/marche-de-noel-de-strasbourg/strasbourg-christmas-market-2018-43-french-moments/,page,
https://mon-grand-est.fr/category/traditions/noel/sapin-de-noel/,page,
https://mon-grand-est.fr/ligne-maginot-nord-est/,page,
https://mon-grand-est.fr/category/villages-du-grand-est/wingen-sur-moder/,page,
https://mon-grand-est.fr/category/nos-voisins/royaume-uni/,page,
https://mon-grand-est.fr/sapin-de-noel-a-ete-introduit-en-angleterre/,page,
https://mon-grand-est.fr/category/arts-et-loisirs/verres-et-cristaux/,page,
https://mon-grand-est.fr/hotel-de-ville-de-nancy/obernai-christmas-11-french-moments/,page,
https://mon-grand-est.fr/hotel-de-ville-de-nancy/obernai-christmas-12-french-moments/,page,
https://mon-grand-est.fr/hotel-de-ville-de-nancy/obernai-christmas-08-french-moments/,page,
https://mon-grand-est.fr/hotel-de-ville-de-nancy/obernai-christmas-10-french-moments/,page,
https://mon-grand-est.fr/baccarat-cristallerie/,page,
https://mon-grand-est.fr/cristallerie-daum-nancy/,page,
https://mon-grand-est.fr/vitraux-de-metz/,page,
https://mon-grand-est.fr/cire-perdue/,page,
https://mon-grand-est.fr/emaux-de-longwy/,page,
https://mon-grand-est.fr/reine-elizabeth-ii-en-france/,page,
https://mon-grand-est.fr/ligne-maginot-nord-est/schoenenbourg-pc-thomas-bresson-licence-cc-by-3-0-from-wikimedia-commons/,page,
https://mon-grand-est.fr/ligne-maginot-nord-est/schoenenbourg-atelier-de-reparation-electro-mecanique-thomas-bresson-licence-cc-by-3-0-from-wikimedia-commons/,page,
https://mon-grand-est.fr/musee-des-beaux-arts-de-nancy/collection-daum-nancy-03-photo-by-french-moments/,page,
https://mon-grand-est.fr/musee-des-beaux-arts-de-nancy/collection-daum-nancy-06-photo-by-french-moments/,page,
https://mon-grand-est.fr/musee-des-beaux-arts-de-nancy/collection-daum-nancy-04-photo-by-french-moments/,page,
https://mon-grand-est.fr/musee-des-beaux-arts-de-nancy/collection-daum-nancy-02-photo-by-french-moments/,page,
https://mon-grand-est.fr/cristallerie-daum-nancy/bonbonniere-aux-bleuets-jean-pierre-dalbera-licence-cc-by-2-0-from-wikimedia-commons/,page,
https://mon-grand-est.fr/cristallerie-daum-nancy/vase-chardons-daum-vassil-licence-cc0-from-wikimedia-commons/,page,
https://mon-grand-est.fr/cristallerie-daum-nancy/cendrier-au-crabe-daum-vassil-licence-cc0-from-wikimedia-commons/,page,
https://mon-grand-est.fr/cristallerie-daum-nancy/vase-champignons-daum-vassil-licence-cc0-from-wikimedia-commons/,page,
https://mon-grand-est.fr/cristallerie-daum-nancy/eglantine-daum-jean-pierre-dalbera-licence-cc-by-2-0-from-wikimedia-commons/,page,
https://mon-grand-est.fr/cristallerie-daum-nancy/vase-prairial-daum-vassil-licence-cc0-from-wikimedia-commons/,page,
https://mon-grand-est.fr/ligne-maginot-nord-est/fermont-centrale-electrique-lvcvlvs-licence-cc-by-sa-3-0-from-wikimedia-commons/,page,
https://mon-grand-est.fr/ligne-maginot-nord-est/fort-ouvrage-hackenberg/,page,
https://mon-grand-est.fr/ligne-maginot-nord-est/galerie-du-fort-schoenenbourg-ignis-licence-cc-by-sa-3-0-from-wikimedia-commons-copy/,page,
https://mon-grand-est.fr/hotel-de-ville-de-nancy/obernai-christmas-03-french-moments/,page,
https://mon-grand-est.fr/hotel-de-ville-de-nancy/obernai-christmas-02-french-moments/,page,
https://mon-grand-est.fr/hotel-de-ville-de-nancy/obernai-christmas-04-french-moments/,page,
https://mon-grand-est.fr/hotel-de-ville-de-nancy/obernai-christmas-06-french-moments/,page,
https://mon-grand-est.fr/hotel-de-ville-de-nancy/wangen-02-french-moments/,page,
https://mon-grand-est.fr/hotel-de-ville-de-nancy/wangen-01-french-moments/,page,
https://mon-grand-est.fr/hotel-de-ville-de-nancy/marlenheim-02-french-moments/,page,
https://mon-grand-est.fr/hotel-de-ville-de-nancy/marlenheim-01-french-moments/,page,
https://mon-grand-est.fr/hotel-de-ville-de-nancy/wasselonne-01-french-moments/,page,
https://mon-grand-est.fr/hotel-de-ville-de-nancy/wasselonne-02-french-moments/,page,
https://mon-grand-est.fr/hotel-de-ville-de-nancy/strasbourg-christmas-market-2018-16-french-moments/,page,
https://mon-grand-est.fr/hotel-de-ville-de-nancy/strasbourg-christmas-market-2018-15-french-moments/,page,
https://mon-grand-est.fr/place-broglie-strasbourg/,page,
https://mon-grand-est.fr/hotel-de-ville-de-nancy/strasbourg-christmas-market-2018-24-french-moments/,page,
https://mon-grand-est.fr/hotel-de-ville-de-nancy/strasbourg-christmas-market-2018-25-french-moments/,page,
https://mon-grand-est.fr/hotel-de-ville-de-nancy/strasbourg-christmas-market-2018-11-french-moments/,page,
https://mon-grand-est.fr/hotel-de-ville-de-nancy/strasbourg-christmas-market-2018-12-french-moments/,page,
https://mon-grand-est.fr/hotel-de-ville-de-nancy/strasbourg-christmas-market-2018-19-french-moments/,page,
https://mon-grand-est.fr/hotel-de-ville-de-nancy/strasbourg-christmas-market-2018-20-french-moments/,page,
https://mon-grand-est.fr/place-broglie-strasbourg/place-broglie-strasbourg-08-french-moments/,page,
https://mon-grand-est.fr/place-broglie-strasbourg/place-broglie-strasbourg-02-french-moments/,page,
https://mon-grand-est.fr/place-broglie-strasbourg/place-broglie-strasbourg-03-french-moments/,page,
https://mon-grand-est.fr/place-broglie-strasbourg/place-broglie-strasbourg-06-french-moments/,page,
https://mon-grand-est.fr/place-broglie-strasbourg/place-broglie-strasbourg-07-french-moments/,page,
https://mon-grand-est.fr/place-broglie-strasbourg/place-broglie-strasbourg-11-french-moments/,page,
https://mon-grand-est.fr/hotel-de-ville-de-nancy/strasbourg-christmas-market-2018-07-french-moments/,page,
https://mon-grand-est.fr/hotel-de-ville-de-nancy/strasbourg-christmas-market-2018-06-french-moments/,page,
https://mon-grand-est.fr/hotel-de-ville-de-nancy/strasbourg-christmas-market-2018-10-french-moments/,page,
https://mon-grand-est.fr/hotel-de-ville-de-nancy/strasbourg-christmas-market-2018-09-french-moments/,page,
https://mon-grand-est.fr/hotel-de-ville-de-nancy/strasbourg-christmas-market-2018-21-french-moments/,page,
https://mon-grand-est.fr/hotel-de-ville-de-nancy/strasbourg-christmas-market-2018-13-french-moments/,page,
https://mon-grand-est.fr/hotel-de-ville-de-nancy/strasbourg-christmas-market-2018-08-french-moments/,page,
https://mon-grand-est.fr/place-kleber-strasbourg/,page,
https://mon-grand-est.fr/hotel-de-ville-de-nancy/strasbourg-musee-des-arts-decoratifs-03-french-moments/,page,
https://mon-grand-est.fr/hotel-de-ville-de-nancy/strasbourg-musee-des-arts-decoratifs-01-french-moments/,page,
https://mon-grand-est.fr/hotel-de-ville-de-nancy/strasbourg-musee-des-arts-decoratifs-02-french-moments/,page,
https://mon-grand-est.fr/hotel-de-ville-de-nancy/strasbourg-musee-de-loeuvre-notre-dame-01-french-moments/,page,
https://mon-grand-est.fr/hotel-de-ville-de-nancy/strasbourg-musee-de-loeuvre-notre-dame-02-french-moments/,page,
https://mon-grand-est.fr/hotel-de-ville-de-nancy/strasbourg-musee-de-loeuvre-notre-dame-03-french-moments/,page,
https://mon-grand-est.fr/voyage-de-noel-en-alsace-lorraine/saverne-christmas-09-french-moments/,page,
https://mon-grand-est.fr/voyage-de-noel-en-alsace-lorraine/saverne-christmas-10-french-moments/,page,
https://mon-grand-est.fr/hotel-de-ville-de-nancy/saverne-christmas-02-french-moments/,page,
https://mon-grand-est.fr/voyage-de-noel-en-alsace-lorraine/saverne-christmas-06-french-moments/,page,
https://mon-grand-est.fr/hotel-de-ville-de-nancy/saverne-christmas-01-french-moments/,page,
https://mon-grand-est.fr/hotel-de-ville-de-nancy/saverne-christmas-03-french-moments/,page,
https://mon-grand-est.fr/voyage-de-noel-en-alsace-lorraine/chateau-du-haut-barr-01-french-moments/,page,
https://mon-grand-est.fr/voyage-de-noel-en-alsace-lorraine/chateau-du-haut-barr-03-french-moments/,page,
https://mon-grand-est.fr/voyage-de-noel-en-alsace-lorraine/chateau-du-haut-barr-02-french-moments/,page,
https://mon-grand-est.fr/hotel-de-ville-de-nancy/haguenau-christmas-market-04-french-moments/,page,
https://mon-grand-est.fr/hotel-de-ville-de-nancy/haguenau-christmas-market-07-french-moments/,page,
https://mon-grand-est.fr/hotel-de-ville-de-nancy/wissembourg-christmas-13-french-moments/,page,
https://mon-grand-est.fr/hotel-de-ville-de-nancy/wissembourg-christmas-12-french-moments/,page,
https://mon-grand-est.fr/hotel-de-ville-de-nancy/wissembourg-christmas-09-french-moments/,page,
https://mon-grand-est.fr/qui-est-le-christkindel/,page,
https://mon-grand-est.fr/hotel-de-ville-de-nancy/wissembourg-christmas-grange-dimiere-01-french-moments/,page,
https://mon-grand-est.fr/hotel-de-ville-de-nancy/wissembourg-christmas-grange-dimiere-02-french-moments/,page,
https://mon-grand-est.fr/hotel-de-ville-de-nancy/wissembourg-christmas-06-french-moments/,page,
https://mon-grand-est.fr/hotel-de-ville-de-nancy/wissembourg-christmas-08-french-moments/,page,
https://mon-grand-est.fr/hotel-de-ville-de-nancy/wissembourg-christmas-market-01-french-moments/,page,
https://mon-grand-est.fr/hotel-de-ville-de-nancy/wissembourg-christmas-market-02-french-moments/,page,
https://mon-grand-est.fr/hotel-de-ville-de-nancy/wissembourg-christmas-01-french-moments/,page,
https://mon-grand-est.fr/hotel-de-ville-de-nancy/wissembourg-christmas-03-french-moments/,page,
https://mon-grand-est.fr/hotel-de-ville-de-nancy/wissembourg-christmas-02-french-moments/,page,
https://mon-grand-est.fr/hotel-de-ville-de-nancy/metz-christmas-cathedral-01-french-moments/,page,
https://mon-grand-est.fr/hotel-de-ville-de-nancy/metz-christmas-cathedral-02-french-moments/,page,
https://mon-grand-est.fr/voyage-de-noel-en-alsace-lorraine/nancy-nd-de-bonsecours-01-french-moments/,page,
https://mon-grand-est.fr/voyage-de-noel-en-alsace-lorraine/nancy-nd-de-bonsecours-03-french-moments/,page,
https://mon-grand-est.fr/voyage-de-noel-en-alsace-lorraine/nancy-nd-de-bonsecours-02-french-moments/,page,
https://mon-grand-est.fr/hotel-de-ville-de-nancy/nancy-rendez-vous-de-saint-nicolas-05-french-moments/,page,
https://mon-grand-est.fr/arc-de-triomphe-here-nancy/,page,
https://mon-grand-est.fr/cathedrale-de-metz/sentier-des-lumieres-metz-42-french-moments/,page,
https://mon-grand-est.fr/cathedrale-de-metz/sentier-des-lumieres-metz-41-french-moments/,page,
https://mon-grand-est.fr/cathedrale-de-metz/sentier-des-lumieres-metz-37-french-moments/,page,
https://mon-grand-est.fr/cathedrale-de-metz/sentier-des-lumieres-metz-36-french-moments/,page,
https://mon-grand-est.fr/cathedrale-de-metz/sentier-des-lumieres-metz-43-french-moments/,page,
https://mon-grand-est.fr/chants-de-noel/,page,
https://mon-grand-est.fr/noel-playmobil/,page,
https://mon-grand-est.fr/jouets-de-noel/,page,
https://mon-grand-est.fr/la-creche-de-noel-de-la-madeleine/,page,
https://mon-grand-est.fr/creche-de-noel-de-notre-dame-de-paris/,page,
https://mon-grand-est.fr/la-creche-de-noel-de-la-cathedrale-de-strasbourg/,page,
https://mon-grand-est.fr/category/traditions/noel/traditions-de-noel/,page,
https://mon-grand-est.fr/category/traditions/noel/creche-de-noel/,page,
https://mon-grand-est.fr/musee-des-beaux-arts-de-nancy/,page,
https://mon-grand-est.fr/noel-a-nancy/,page,
https://mon-grand-est.fr/noel-a-nancy/nancy-place-saint-epvre-christmas-01-french-moments/,page,
https://mon-grand-est.fr/category/arts-et-loisirs/peinture/,page,
https://mon-grand-est.fr/couleurs-de-noel/,page,
https://mon-grand-est.fr/houx-de-noel/,page,
https://mon-grand-est.fr/tradition-du-gui-de-lan-neuf/,page,
https://mon-grand-est.fr/musee-des-beaux-arts-de-nancy/grand-escalier-musee-beaux-arts-nancy-photo-by-french-moments/,page,
https://mon-grand-est.fr/hotel-de-ville-de-nancy/,page,
https://mon-grand-est.fr/palais-du-gouvernement-nancy/,page,
https://mon-grand-est.fr/musee-des-beaux-arts-de-nancy/mathis-gerung-lenlevement-dhelene-photo-by-french-moments/,page,
https://mon-grand-est.fr/musee-des-beaux-arts-de-nancy/giovanni-maria-morandi-le-pape-alexandre-vii-porte-a-la-procession-du-corpus-domini-vers-1557-photo-by-french-moments/,page,
https://mon-grand-est.fr/musee-des-beaux-arts-de-nancy/escalier-18e-jean-lamour-musee-des-beaux-arts-de-nancy-01-photo-by-french-moments/,page,
https://mon-grand-est.fr/musee-des-beaux-arts-de-nancy/auguste-feyen-perrin-charles-le-temeraire-retrouve-mort-apres-la-bataille-de-nancy-1865-photo-by-french-moments/,page,
https://mon-grand-est.fr/musee-des-beaux-arts-de-nancy/philippe-de-champaigne-la-charite-vers-1635-36-photo-by-french-moments/,page,
https://mon-grand-est.fr/place-dalliance-nancy/place-de-la-carriere-nancy-04-french-moments/,page,
https://mon-grand-est.fr/place-dalliance-nancy/place-de-la-carriere-nancy-06-french-moments/,page,
https://mon-grand-est.fr/place-dalliance-nancy/place-de-la-carriere-nancy-02-french-moments/,page,
https://mon-grand-est.fr/place-dalliance-nancy/place-de-la-carriere-nancy-11-french-moments/,page,
https://mon-grand-est.fr/place-dalliance-nancy/place-de-la-carriere-nancy-14-french-moments/,page,
https://mon-grand-est.fr/place-dalliance-nancy/place-de-la-carriere-nancy-19-french-moments/,page,
https://mon-grand-est.fr/musee-des-beaux-arts-de-nancy/foyer-du-musee-des-beaux-arts-de-nancy-photo-by-french-moments/,page,
https://mon-grand-est.fr/musee-des-beaux-arts-de-nancy/plan-du-bastion-dhaussonville-photo-by-french-moments/,page,
https://mon-grand-est.fr/musee-des-beaux-arts-de-nancy/francois-boucher-aurore-et-cephale-1733-photo-by-french-moments/,page,
https://mon-grand-est.fr/musee-des-beaux-arts-de-nancy/victor-prouve-les-voluptueux-1889-photo-by-french-moments/,page,
https://mon-grand-est.fr/musee-des-beaux-arts-de-nancy/camille-martin-apres-lenterrement-1889-photo-by-french-moments/,page,
https://mon-grand-est.fr/musee-des-beaux-arts-de-nancy/musee-des-beaux-arts-de-nancy-06-photo-by-french-moments/,page,
https://mon-grand-est.fr/musee-des-beaux-arts-de-nancy/collection-daum-nancy-07-photo-by-french-moments/,page,
https://mon-grand-est.fr/musee-des-beaux-arts-de-nancy/collection-daum-nancy-05-photo-by-french-moments/,page,
https://mon-grand-est.fr/musee-des-beaux-arts-de-nancy/peinture-art-nouveau-photo-by-french-moments/,page,
https://mon-grand-est.fr/musee-des-beaux-arts-de-nancy/marinus-van-roejmerswalen-les-compteurs-dargent-fin-du-16e-siecle-photo-by-french-moments/,page,
https://mon-grand-est.fr/musee-des-beaux-arts-de-nancy/collection-daum-nancy-01-photo-by-french-moments/,page,
https://mon-grand-est.fr/musee-des-beaux-arts-de-nancy/musee-des-beaux-arts-de-nancy-07-photo-by-french-moments/,page,
https://mon-grand-est.fr/musee-des-beaux-arts-de-nancy/place-stanislas-vue-du-musee-des-beaux-arts-french-moments/,page,
https://mon-grand-est.fr/musee-des-beaux-arts-de-nancy/emile-friant-les-amoureux-1888-photo-by-french-moments/,page,
https://mon-grand-est.fr/musee-des-beaux-arts-de-nancy/pascal-adolphe-jean-dagnan-bouveret-dans-la-foret-1892-93-photo-by-french-moments/,page,
https://mon-grand-est.fr/musee-des-beaux-arts-de-nancy/gustave-dore-paysage-de-montagne-vers-1870-photo-by-french-moments/,page,
https://mon-grand-est.fr/musee-des-beaux-arts-de-nancy/musee-des-beaux-arts-de-nancy-05-photo-by-french-moments/,page,
https://mon-grand-est.fr/musee-des-beaux-arts-de-nancy/abraham-bloemaert-predication-de-saint-jean-baptiste-vers-1620-photo-by-french-moments/,page,
https://mon-grand-est.fr/musee-des-beaux-arts-de-nancy/jan-sanders-van-hemessen-jesus-chassant-les-marchands-du-temple-1556-photo-by-french-moments/,page,
https://mon-grand-est.fr/musee-des-beaux-arts-de-nancy/antoine-jean-gros-portrait-du-marechal-duroc-duc-de-frioul-apres-1804-photo-by-french-moments/,page,
https://mon-grand-est.fr/musee-des-beaux-arts-de-nancy/barbacane-saint-nicolas-nancy-002-french-moments/,page,
https://mon-grand-est.fr/musee-des-beaux-arts-de-nancy/eugene-delacroix-la-bataille-de-nancy-1829-33-detail-photo-by-french-moments/,page,
https://mon-grand-est.fr/musee-des-beaux-arts-de-nancy/henri-edmond-cross-apres-midi-a-pardigon-1907-photo-by-french-moments/,page,
https://mon-grand-est.fr/musee-des-beaux-arts-de-nancy/eugene-isabey-vue-de-la-ville-et-du-port-de-dieppe-1842-photo-by-french-moments/,page,
https://mon-grand-est.fr/peintures-au-musee-des-beaux-arts-nancy/,page,
https://mon-grand-est.fr/tradition-du-nouvel-an/,page,
https://mon-grand-est.fr/monter-sur-la-cathedrale-de-strasbourg/,page,
https://mon-grand-est.fr/creche-de-noel-de-notre-dame-de-paris/christmas-at-notre-dame-cathedral-02-french-moments/,page,
https://mon-grand-est.fr/creche-de-noel-de-notre-dame-de-paris/creche-de-noel-notre-dame-2016-07-french-moments/,page,
https://mon-grand-est.fr/creche-de-noel-de-notre-dame-de-paris/creche-de-noel-notre-dame-2016-01-french-moments/,page,
https://mon-grand-est.fr/creche-de-noel-de-notre-dame-de-paris/creche-de-noel-notre-dame-2016-02-french-moments/,page,
https://mon-grand-est.fr/creche-de-noel-de-notre-dame-de-paris/christmas-at-notre-dame-cathedral-04-french-moments/,page,
https://mon-grand-est.fr/creche-de-noel-de-notre-dame-de-paris/creche-de-noel-notre-dame-2016-10-french-moments/,page,
https://mon-grand-est.fr/creche-de-noel-de-notre-dame-de-paris/creche-de-noel-notre-dame-2016-12-french-moments/,page,
https://mon-grand-est.fr/creche-de-noel-de-notre-dame-de-paris/creche-de-noel-notre-dame-2016-08-french-moments/,page,
https://mon-grand-est.fr/creche-de-noel-de-notre-dame-de-paris/christmas-at-notre-dame-cathedral-03-french-moments/,page,
https://mon-grand-est.fr/tradition-du-nouvel-an/huitres-french-moments/,page,
https://mon-grand-est.fr/tradition-du-nouvel-an/champagne-pour-nouvel-an-french-moments/,page,
https://mon-grand-est.fr/tradition-du-nouvel-an/buche-de-nouvel-an-french-moments/,page,
https://mon-grand-est.fr/creche-de-noel-de-notre-dame-de-paris/creche-de-noel-notre-dame-2016-13-french-moments/,page,
https://mon-grand-est.fr/creche-de-noel-de-notre-dame-de-paris/creche-de-noel-notre-dame-2016-04-french-moments/,page,
https://mon-grand-est.fr/creche-de-noel-de-notre-dame-de-paris/creche-de-noel-notre-dame-2016-09-french-moments/,page,
https://mon-grand-est.fr/category/traditions/noel/destinations-de-noel/noel-a-paris/,page,
https://mon-grand-est.fr/marche-de-noel-alsacien-de-la-gare-de-lest/,page,
https://mon-grand-est.fr/noel-extra-polaire/,page,
https://mon-grand-est.fr/category/villes-du-grand-est/provins/,page,
https://mon-grand-est.fr/category/traditions/noel/destinations-de-noel/noel-en-champagne/,page,
https://mon-grand-est.fr/marche-medieval-de-noel-a-provins/,page,
https://mon-grand-est.fr/voyage-de-noel-en-alsace-lorraine/nancy-place-de-la-carriere-christmas-01-french-moments/,page,
https://mon-grand-est.fr/voyage-de-noel-en-alsace-lorraine/nancy-grandrue-christmas-03-french-moments/,page,
https://mon-grand-est.fr/hotel-de-ville-de-nancy/nancy-ville-neuve-christmas-01-french-moments/,page,
https://mon-grand-est.fr/noel-a-nancy/nancy-christmas-lights-01-french-moments/,page,
https://mon-grand-est.fr/hotel-de-ville-de-nancy/nancy-rendez-vous-de-saint-nicolas-01-french-moments/,page,
https://mon-grand-est.fr/hotel-de-ville-de-nancy/nancy-rendez-vous-de-saint-nicolas-06-french-moments/,page,
https://mon-grand-est.fr/hotel-de-ville-de-nancy/nancy-rendez-vous-de-saint-nicolas-10-french-moments/,page,
https://mon-grand-est.fr/tout-savoir-sur-le-sapin-de-noel/,page,
https://mon-grand-est.fr/noel-a-nancy/nancy-grande-rue-christmas-02-french-moments/,page,
https://mon-grand-est.fr/noel-a-nancy/nancy-grande-rue-christmas-04-french-moments/,page,
https://mon-grand-est.fr/marche-de-noel-alsacien-de-la-gare-de-lest/alsatian-christmas-market-in-gare-de-lest-paris-05-french-moments/,page,
https://mon-grand-est.fr/noel-extra-polaire/printemps-haussmann-christmas-windows-2016-06-french-moments/,page,
https://mon-grand-est.fr/noel-extra-polaire/printemps-haussmann-christmas-windows-2016-02-french-moments/,page,
https://mon-grand-est.fr/marche-de-noel-de-reims/,page,
https://mon-grand-est.fr/marche-de-noel-dannecy/provins-medieval-christmas-market-11-damien-gilbon/,page,
https://mon-grand-est.fr/marche-de-noel-dannecy/provins-medieval-christmas-market-14-damien-gilbon/,page,
https://mon-grand-est.fr/marche-de-noel-dannecy/provins-medieval-christmas-market-04-damien-gilbon/,page,
https://mon-grand-est.fr/marche-de-noel-dannecy/provins-medieval-christmas-market-16-damien-gilbon/,page,
https://mon-grand-est.fr/marche-de-noel-dannecy/provins-medieval-christmas-market-15-damien-gilbon/,page,
https://mon-grand-est.fr/marche-de-noel-dannecy/provins-medieval-christmas-market-03-damien-gilbon/,page,
https://mon-grand-est.fr/marche-de-noel-dannecy/provins-medieval-christmas-market-01-damien-gilbon/,page,
https://mon-grand-est.fr/marche-de-noel-dannecy/provins-medieval-christmas-market-07-damien-gilbon/,page,
https://mon-grand-est.fr/marche-de-noel-dannecy/provins-medieval-christmas-market-08-damien-gilbon/,page,
https://mon-grand-est.fr/marche-de-noel-dannecy/provins-medieval-christmas-market-02-damien-gilbon/,page,
https://mon-grand-est.fr/marche-de-noel-dannecy/provins-medieval-christmas-market-10-damien-gilbon/,page,
https://mon-grand-est.fr/marche-de-noel-dannecy/provins-medieval-christmas-market-09-damien-gilbon/,page,
https://mon-grand-est.fr/marche-de-noel-dannecy/provins-medieval-christmas-market-17-damien-gilbon/,page,
https://mon-grand-est.fr/marche-de-noel-dannecy/provins-medieval-christmas-market-13-damien-gilbon/,page,
https://mon-grand-est.fr/marche-de-noel-dannecy/provins-medieval-christmas-market-06-damien-gilbon/,page,
https://mon-grand-est.fr/category/villes-du-grand-est/reims/,page,
https://mon-grand-est.fr/category/champagne-ardenne/marne/,page,
https://mon-grand-est.fr/reve-de-couleurs-de-reims/,page,
https://mon-grand-est.fr/noel-extra-polaire/printemps-haussmann-christmas-windows-2016-04-french-moments/,page,
https://mon-grand-est.fr/noel-extra-polaire/printemps-haussmann-christmas-windows-2016-03-french-moments/,page,
https://mon-grand-est.fr/noel-extra-polaire/printemps-haussmann-christmas-windows-2016-07-french-moments/,page,
https://mon-grand-est.fr/colonne-commemorative-de-montmirail/,page,
https://mon-grand-est.fr/category/villes-du-grand-est/montmirail/,page,
https://mon-grand-est.fr/montmirail-marne/,page,
https://mon-grand-est.fr/noel-extra-polaire/printemps-haussmann-christmas-windows-2016-05-french-moments/,page,
https://mon-grand-est.fr/noel-extra-polaire/printemps-haussmann-christmas-windows-2016-01-french-moments/,page,
https://mon-grand-est.fr/noel-extra-polaire/galeries-lafayette-haussmann-christmas-tree-2016-05-french-moments/,page,
https://mon-grand-est.fr/noel-extra-polaire/galeries-lafayette-haussmann-christmas-tree-2016-01-french-moments/,page,
https://mon-grand-est.fr/noel-extra-polaire/galeries-lafayette-haussmann-christmas-tree-2016-03-french-moments/,page,
https://mon-grand-est.fr/noel-extra-polaire/galeries-lafayette-haussmann-christmas-tree-2016-21-french-moments/,page,
https://mon-grand-est.fr/noel-extra-polaire/galeries-lafayette-haussmann-christmas-tree-2016-14-french-moments/,page,
https://mon-grand-est.fr/noel-extra-polaire/galeries-lafayette-haussmann-christmas-tree-2016-04-french-moments/,page,
https://mon-grand-est.fr/noel-extra-polaire/galeries-lafayette-haussmann-christmas-tree-2016-17-french-moments/,page,
https://mon-grand-est.fr/noel-extra-polaire/galeries-lafayette-haussmann-christmas-tree-2016-06-french-moments/,page,
https://mon-grand-est.fr/montmirail-marne/montmirail-01-french-moments/,page,
https://mon-grand-est.fr/montmirail-marne/montmirail-02-french-moments/,page,
https://mon-grand-est.fr/montmirail-marne/montmirail-03-french-moments/,page,
https://mon-grand-est.fr/montmirail-marne/montmirail-05-french-moments/,page,
https://mon-grand-est.fr/montmirail-marne/montmirail-07-french-moments/,page,
https://mon-grand-est.fr/noel-extra-polaire/galeries-lafayette-haussmann-christmas-tree-2016-11-french-moments/,page,
https://mon-grand-est.fr/noel-extra-polaire/galeries-lafayette-haussmann-christmas-tree-2016-13-french-moments/,page,
https://mon-grand-est.fr/noel-extra-polaire/galeries-lafayette-haussmann-christmas-tree-2016-09-french-moments/,page,
https://mon-grand-est.fr/noel-extra-polaire/galeries-lafayette-haussmann-christmas-tree-2016-20-french-moments/,page,
https://mon-grand-est.fr/noel-extra-polaire/galeries-lafayette-haussmann-christmas-tree-2016-15-french-moments/,page,
https://mon-grand-est.fr/noel-extra-polaire/galeries-lafayette-haussmann-christmas-tree-2016-12-french-moments/,page,
https://mon-grand-est.fr/noel-extra-polaire/galeries-lafayette-haussmann-christmas-tree-2016-10-french-moments/,page,
https://mon-grand-est.fr/noel-extra-polaire/galeries-lafayette-haussmann-christmas-tree-2016-16-french-moments/,page,
https://mon-grand-est.fr/noel-extra-polaire/galeries-lafayette-haussmann-christmas-tree-2016-18-french-moments/,page,
https://mon-grand-est.fr/noel-extra-polaire/galeries-lafayette-haussmann-christmas-tree-2016-08-french-moments/,page,
https://mon-grand-est.fr/noel-extra-polaire/galeries-lafayette-haussmann-christmas-windows-2016-07-french-moments/,page,
https://mon-grand-est.fr/noel-extra-polaire/galeries-lafayette-haussmann-christmas-windows-2016-05-french-moments/,page,
https://mon-grand-est.fr/noel-extra-polaire/galeries-lafayette-haussmann-christmas-windows-2016-11-french-moments/,page,
https://mon-grand-est.fr/noel-extra-polaire/galeries-lafayette-haussmann-christmas-windows-2016-08-french-moments/,page,
https://mon-grand-est.fr/noel-extra-polaire/galeries-lafayette-haussmann-christmas-windows-2016-09-french-moments/,page,
https://mon-grand-est.fr/noel-extra-polaire/galeries-lafayette-haussmann-christmas-windows-2016-10-french-moments/,page,
https://mon-grand-est.fr/noel-extra-polaire/galeries-lafayette-haussmann-christmas-windows-2016-04-french-moments/,page,
https://mon-grand-est.fr/noel-extra-polaire/galeries-lafayette-haussmann-christmas-windows-2016-06-french-moments/,page,
https://mon-grand-est.fr/noel-extra-polaire/galeries-lafayette-haussmann-christmas-windows-2016-02-french-moments/,page,
https://mon-grand-est.fr/marche-de-noel-alsacien-de-la-gare-de-lest/alsatian-christmas-market-in-gare-de-lest-paris-11-french-moments/,page,
https://mon-grand-est.fr/marche-de-noel-alsacien-de-la-gare-de-lest/alsatian-christmas-market-in-gare-de-lest-paris-06-french-moments/,page,
https://mon-grand-est.fr/marche-de-noel-alsacien-de-la-gare-de-lest/alsatian-christmas-market-in-gare-de-lest-paris-09-french-moments/,page,
https://mon-grand-est.fr/marche-de-noel-alsacien-de-la-gare-de-lest/alsatian-christmas-market-in-gare-de-lest-paris-07-french-moments/,page,
https://mon-grand-est.fr/marche-de-noel-alsacien-de-la-gare-de-lest/alsatian-christmas-market-in-gare-de-lest-paris-08-french-moments/,page,
https://mon-grand-est.fr/marche-de-noel-alsacien-de-la-gare-de-lest/alsatian-christmas-market-in-gare-de-lest-paris-02-french-moments/,page,
https://mon-grand-est.fr/marche-de-noel-alsacien-de-la-gare-de-lest/alsatian-christmas-market-in-gare-de-lest-paris-03-french-moments/,page,
https://mon-grand-est.fr/marche-de-noel-alsacien-de-la-gare-de-lest/alsatian-christmas-market-in-gare-de-lest-paris-04-french-moments/,page,
https://mon-grand-est.fr/noel-a-nancy/nancy-grande-rue-christmas-01-french-moments/,page,
https://mon-grand-est.fr/noel-a-nancy/nancy-porte-de-la-craffe-christmas-01-french-moments/,page,
https://mon-grand-est.fr/place-dalliance-nancy/place-de-la-carriere-nancy-christmas-02-french-moments/,page,
https://mon-grand-est.fr/noel-a-nancy/nancy-grande-roue-noel-01-french-moments/,page,
https://mon-grand-est.fr/noel-a-nancy/nancy-grande-roue-noel-02-french-moments/,page,
https://mon-grand-est.fr/noel-a-nancy/nancy-grande-roue-noel-03-french-moments/,page,
https://mon-grand-est.fr/noel-a-nancy/nancy-grande-roue-noel-04-french-moments/,page,
https://mon-grand-est.fr/noel-a-nancy/nancy-grande-roue-noel-06-french-moments/,page,
https://mon-grand-est.fr/noel-a-nancy/nancy-village-de-la-marmaille-01-french-moments/,page,
https://mon-grand-est.fr/voyage-de-noel-en-alsace-lorraine/nancy-place-de-la-carriere-christmas-09-french-moments/,page,
https://mon-grand-est.fr/noel-a-nancy/nancy-village-de-la-marmaille-04-french-moments/,page,
https://mon-grand-est.fr/noel-a-nancy/nancy-village-de-la-marmaille-05-french-moments/,page,
https://mon-grand-est.fr/voyage-de-noel-en-alsace-lorraine/nancy-place-de-vaudemont-christmas-french-moments/,page,
https://mon-grand-est.fr/noel-a-nancy/nancy-village-gourmand-vaudemont-02-french-moments/,page,
https://mon-grand-est.fr/noel-a-nancy/nancy-village-gourmand-vaudemont-03-french-moments/,page,
https://mon-grand-est.fr/noel-a-nancy/nancy-village-gourmand-vaudemont-04-french-moments/,page,
https://mon-grand-est.fr/noel-a-nancy/nancy-village-gourmand-vaudemont-05-french-moments/,page,
https://mon-grand-est.fr/noel-a-nancy/nancy-village-gourmand-vaudemont-06-french-moments/,page,
https://mon-grand-est.fr/noel-a-nancy/nancy-quai-des-glaces-06-french-moments/,page,
https://mon-grand-est.fr/noel-a-nancy/nancy-quai-des-glaces-02-french-moments/,page,
https://mon-grand-est.fr/noel-a-nancy/nancy-quai-des-glaces-03-french-moments/,page,
https://mon-grand-est.fr/noel-a-nancy/nancy-quai-des-glaces-04-french-moments/,page,
https://mon-grand-est.fr/noel-a-nancy/nancy-quai-des-glaces-05-french-moments/,page,
https://mon-grand-est.fr/noel-a-nancy/nancy-village-de-saint-nicolas-18-french-moments/,page,
https://mon-grand-est.fr/noel-a-nancy/nancy-village-de-saint-nicolas-19-french-moments/,page,
https://mon-grand-est.fr/marche-de-saint-nicolas-a-nancy/marche-de-saint-nicolas-a-nancy-04-french-moments/,page,
https://mon-grand-est.fr/noel-a-nancy/nancy-village-de-saint-nicolas-02-french-moments/,page,
https://mon-grand-est.fr/noel-a-nancy/nancy-village-de-saint-nicolas-12-french-moments/,page,
https://mon-grand-est.fr/noel-a-nancy/nancy-village-de-saint-nicolas-09-french-moments/,page,
https://mon-grand-est.fr/cadeau-de-noel/,page,
https://mon-grand-est.fr/pierre-de-jaumont/,page,
https://mon-grand-est.fr/palais-du-gouverneur-de-metz/palais-du-gouverneur-de-metz-01-french-moments/,page,
https://mon-grand-est.fr/palais-du-gouverneur-de-metz/palais-du-gouverneur-de-metz-02-french-moments/,page,
https://mon-grand-est.fr/palais-du-gouverneur-de-metz/palais-du-gouverneur-de-metz-03-french-moments/,page,
https://mon-grand-est.fr/palais-du-gouverneur-de-metz/palais-du-gouverneur-de-metz-04-french-moments/,page,
https://mon-grand-est.fr/palais-du-gouverneur-de-metz/palais-du-gouverneur-de-metz-05-french-moments/,page,
https://mon-grand-est.fr/palais-du-gouverneur-de-metz/palais-du-gouverneur-de-metz-06-french-moments/,page,
https://mon-grand-est.fr/periode-de-lavent/,page,
https://mon-grand-est.fr/reussir-vos-madeleines-de-commercy/,page,
https://mon-grand-est.fr/veritable-quiche-lorraine/,page,
https://mon-grand-est.fr/pierre-d-euville/,page,
https://mon-grand-est.fr/gourmandises-alsaciennes/,page,
https://mon-grand-est.fr/lorraine-bucolique/,page,
https://mon-grand-est.fr/marche-de-noel-de-ribeauville/,page,
https://mon-grand-est.fr/butte-de-montsec/,page,
https://mon-grand-est.fr/envie-de-visiter-metz/,page,
https://mon-grand-est.fr/plus-beaux-detours-de-france/,page,
https://mon-grand-est.fr/lorraine-au-printemps/,page,
https://mon-grand-est.fr/route-des-cretes-vosges/,page,
https://mon-grand-est.fr/basilique-saint-epvre-de-nancy/,page,
https://mon-grand-est.fr/photos-de-printemps-en-alsace/,page,
https://mon-grand-est.fr/escapade-dans-le-bas-rhin/neuwiller-les-saverne-tympan-french-moments/,page,
https://mon-grand-est.fr/ou-dormir-en-alsace/,page,
https://mon-grand-est.fr/alsace-au-printemps/,page,
https://mon-grand-est.fr/place-stanislas/place-stanislas-christmas-sunset-french-moments-nancy-60-copy/,page,
https://mon-grand-est.fr/altkirch/altkirch-sunset-french-moments/,page,
https://mon-grand-est.fr/sundgau/sundgau-paysage-vaches-french-moments/,page,
https://mon-grand-est.fr/sundgau/altkirch-08-french-moments/,page,
https://mon-grand-est.fr/sundgau/altkirch-06-french-moments/,page,
https://mon-grand-est.fr/sundgau/altkirch-09-french-moments/,page,
https://mon-grand-est.fr/roue-de-mulhouse/mulhouse-place-de-la-reunion-facades-french-moments/,page,
https://mon-grand-est.fr/ou-dormir-en-alsace/mulhouse-place-de-la-reunion-soleil-french-moments/,page,
https://mon-grand-est.fr/ou-dormir-en-alsace/mulhouse-temple-saint-etienne-hallebardier-french-moments/,page,
https://mon-grand-est.fr/mulhouse/mulhouse-porte-jeune-french-moments/,page,
https://mon-grand-est.fr/colline-du-rebberg/mulhouse-from-rebberg-hill-french-moments/,page,
https://mon-grand-est.fr/ou-dormir-en-alsace/hotel-la-couronne-ensisheim-01-french-moments/,page,
https://mon-grand-est.fr/ou-dormir-en-alsace/hotel-la-couronne-ensisheim-02-french-moments/,page,
https://mon-grand-est.fr/ou-dormir-en-alsace/hotel-la-couronne-ensisheim-03-french-moments/,page,
https://mon-grand-est.fr/ou-dormir-en-alsace/hotel-la-couronne-ensisheim-05-french-moments/,page,
https://mon-grand-est.fr/ou-dormir-en-alsace/hotel-la-couronne-ensisheim-06-french-moments/,page,
https://mon-grand-est.fr/20-sites-a-15-km-autour-de-colmar/rouffach-centre-town-french-moments/,page,
https://mon-grand-est.fr/20-sites-a-15-km-autour-de-colmar/rouffach-from-isenbourg-french-moments/,page,
https://mon-grand-est.fr/ou-dormir-en-alsace/chateau-isenbourg-rouffach-03-french-moments/,page,
https://mon-grand-est.fr/ou-dormir-en-alsace/chateau-isenbourg-rouffach-02-french-moments/,page,
https://mon-grand-est.fr/ou-dormir-en-alsace/chateau-isenbourg-rouffach-01-french-moments/,page,
https://mon-grand-est.fr/ou-dormir-en-alsace/hotel-des-tetes-colmar-01-french-moments/,page,
https://mon-grand-est.fr/ou-dormir-en-alsace/hotel-des-tetes-colmar-02-french-moments/,page,
https://mon-grand-est.fr/10-curiosites-de-colmar-a-decouvrir/maison-des-tetes-colmar-01-french-moments/,page,
https://mon-grand-est.fr/10-curiosites-de-colmar-a-decouvrir/maison-des-tetes-colmar-02-french-moments/,page,
https://mon-grand-est.fr/10-curiosites-de-colmar-a-decouvrir/maison-des-tetes-colmar-03-french-moments/,page,
https://mon-grand-est.fr/gourmandises-lorraines/colmar-petite-venise-alsacienne-french-moments/,page,
https://mon-grand-est.fr/gourmandises-lorraines/colmar-petite-venise-printemps-french-moments/,page,
https://mon-grand-est.fr/petite-venise-de-colmar/petite-venise-de-colmar-07-french-moments/,page,
https://mon-grand-est.fr/petite-venise-de-colmar/petite-venise-de-colmar-11-french-moments/,page,
https://mon-grand-est.fr/ou-dormir-en-alsace/hotel-le-chambard-kaysersberg-french-moments/,page,
https://mon-grand-est.fr/decouvrir-kaysersberg/kaysersberg-springtime-25-copyright-french-moments/,page,
https://mon-grand-est.fr/eglise-sainte-croix-de-kaysersberg/eglise-sainte-croix-kaysersberg-05-french-moments/,page,
https://mon-grand-est.fr/fetes-de-paques-en-alsace/printemps-en-alsace-riquewihr-04-french-moments/,page,
https://mon-grand-est.fr/cigogne-en-alsace-symbole/cigogne-riquewihr-alsace-01-french-moments/,page,
https://mon-grand-est.fr/la-maison-alsacienne-decryptee/maison-alsacienne-riquewihr-05-french-moments/,page,
https://mon-grand-est.fr/decouvrir-riquewihr/riquewihr-grand-rue-10-french-moments/,page,
https://mon-grand-est.fr/decouvrir-riquewihr/riquewihr-dolder-03-french-moments/,page,
https://mon-grand-est.fr/la-maison-alsacienne-decryptee/maison-alsacienne-riquewihr-07-french-moments/,page,
https://mon-grand-est.fr/la-maison-alsacienne-decryptee/maison-alsacienne-riquewihr-08-french-moments/,page,
https://mon-grand-est.fr/ribeauville-alsace/ribeauville-42-french-moments/,page,
https://mon-grand-est.fr/ribeauville-alsace/ribeauville-12-french-moments/,page,
https://mon-grand-est.fr/ribeauville-alsace/ribeauville-18-french-moments/,page,
https://mon-grand-est.fr/ribeauville-alsace/ribeauville-24-french-moments/,page,
https://mon-grand-est.fr/zellenberg-alsace/three-castles-of-ribeauville-from-zellenberg-french-moments/,page,
https://mon-grand-est.fr/ville-de-selestat/selestat-2-copyright-french-moments/,page,
https://mon-grand-est.fr/ville-de-selestat/selestat-22-copyright-french-moments-2/,page,
https://mon-grand-est.fr/ville-de-selestat/selestat-36-copyright-french-moments/,page,
https://mon-grand-est.fr/hotel-de-ville-de-nancy/selestat-christmas-04-french-moments/,page,
https://mon-grand-est.fr/marche-de-noel-de-selestat/hotel-vaillant-selestat-01-french-moments/,page,
https://mon-grand-est.fr/marche-de-noel-de-selestat/hotel-vaillant-selestat-02-french-moments/,page,
https://mon-grand-est.fr/hotel-de-ville-de-nancy/obernai-christmas-01-french-moments/,page,
https://mon-grand-est.fr/hotel-de-ville-de-nancy/obernai-christmas-05-french-moments/,page,
https://mon-grand-est.fr/hotel-de-ville-de-nancy/obernai-christmas-15-french-moments/,page,
https://mon-grand-est.fr/ou-dormir-en-alsace/hotel-le-gouverneur-obernai-01-french-moments/,page,
https://mon-grand-est.fr/ou-dormir-en-alsace/hotel-le-gouverneur-obernai-02-french-moments/,page,
https://mon-grand-est.fr/ou-dormir-en-alsace/hotel-le-gouverneur-obernai-03-french-moments/,page,
https://mon-grand-est.fr/ou-dormir-en-alsace/cour-du-corbeau-strasbourg-02-french-moments/,page,
https://mon-grand-est.fr/ou-dormir-en-alsace/cour-du-corbeau-strasbourg-03-french-moments/,page,
https://mon-grand-est.fr/ou-dormir-en-alsace/cour-du-corbeau-strasbourg-04-french-moments/,page,
https://mon-grand-est.fr/petite-france/strasbourg-french-moments-32/,page,
https://mon-grand-est.fr/petite-france/strasbourg-french-moments-286-marie-christine-guernier/,page,
https://mon-grand-est.fr/petite-france/quartier-de-la-petite-france-strasbourg-french-moments/,page,
https://mon-grand-est.fr/petite-france/rue-des-moulins-petite-france-strasbourg-french-moments/,page,
https://mon-grand-est.fr/decouvrir-les-ponts-couverts-a-strasbourg/ponts-couverts-de-strasbourg-french-moments/,page,
https://mon-grand-est.fr/decouvrir-les-ponts-couverts-a-strasbourg/canaux-de-la-petite-france-strasbourg-french-moments/,page,
https://mon-grand-est.fr/riviere-ill-alsace/eglise-saint-paul-strasbourg-french-moments/,page,
https://mon-grand-est.fr/riviere-ill-alsace/quartier-imperial-allemand-riviere-ill-strasbourg-french-moments/,page,
https://mon-grand-est.fr/ou-dormir-en-alsace/hotel-novotel-strasbourg-french-moments/,page,
https://mon-grand-est.fr/beblenheim/beblenheim-from-above-arnaud-fuchs/,page,
https://mon-grand-est.fr/petite-venise-de-colmar/petite-venise-de-colmar-06-french-moments/,page,
https://mon-grand-est.fr/place-de-la-cathedrale-de-strasbourg/facade-cathedrale-strasbourg-02-french-moments/,page,
https://mon-grand-est.fr/vieille-ville-de-nancy/nancy-place-de-larsenal-french-moments/,page,
https://mon-grand-est.fr/vieille-ville-de-nancy/nancy-palais-ducal-02-french-moments/,page,
https://mon-grand-est.fr/basilique-saint-epvre-de-nancy/basilique-saint-epvre-03-french-moments/,page,
https://mon-grand-est.fr/basilique-saint-epvre-de-nancy/basilique-saint-epvre-04-french-moments/,page,
https://mon-grand-est.fr/basilique-saint-epvre-de-nancy/basilique-saint-epvre-06-french-moments/,page,
https://mon-grand-est.fr/basilique-saint-epvre-de-nancy/basilique-saint-epvre-08-french-moments/,page,
https://mon-grand-est.fr/basilique-saint-epvre-de-nancy/basilique-saint-epvre-10-french-moments/,page,
https://mon-grand-est.fr/col-amic-vosges/,page,
https://mon-grand-est.fr/grand-ballon/,page,
https://mon-grand-est.fr/lorraine-au-printemps/baume-les-dames-and-doubs-river-french-moments/,page,
https://mon-grand-est.fr/lorraine-au-printemps/haute-saone-spring-french-moments/,page,
https://mon-grand-est.fr/lorraine-au-printemps/joux-castle-french-moments/,page,
https://mon-grand-est.fr/lorraine-au-printemps/jura-train-french-moments/,page,
https://mon-grand-est.fr/lorraine-au-printemps/magny-vernois-spring-french-moments/,page,
https://mon-grand-est.fr/lorraine-au-printemps/pontarlier-french-moments/,page,
https://mon-grand-est.fr/lorraine-au-printemps/vercel-french-moments/,page,
https://mon-grand-est.fr/col-du-haag-vosges/,page,
https://mon-grand-est.fr/coups-de-coeur-dans-le-haut-rhin/,page,
https://mon-grand-est.fr/lorraine-au-printemps/vaucouleurs-03-french-moments/,page,
https://mon-grand-est.fr/lorraine-au-printemps/vaucouleurs-02-french-moments/,page,
https://mon-grand-est.fr/lorraine-au-printemps/vaucouleurs-01-french-moments/,page,
https://mon-grand-est.fr/lorraine-au-printemps/route-de-meuse-french-moments/,page,
https://mon-grand-est.fr/lorraine-au-printemps/blenod-les-toul-01-french-moments/,page,
https://mon-grand-est.fr/lorraine-au-printemps/blenod-les-toul-02-french-moments/,page,
https://mon-grand-est.fr/lorraine-au-printemps/charmes-la-cote-french-moments/,page,
https://mon-grand-est.fr/lorraine-au-printemps/nancy-spring-2019-04-french-moments/,page,
https://mon-grand-est.fr/cite-ouvriere-de-mulhouse/,page,
https://mon-grand-est.fr/une-belle-balade-au-schlumpf-dans-les-vosges/,page,
https://mon-grand-est.fr/lorraine-au-printemps/nancy-spring-2019-05-french-moments/,page,
https://mon-grand-est.fr/lorraine-au-printemps/nancy-spring-2019-06-french-moments/,page,
https://mon-grand-est.fr/lorraine-au-printemps/nancy-spring-2019-11-french-moments/,page,
https://mon-grand-est.fr/lorraine-au-printemps/nancy-spring-2019-10-french-moments/,page,
https://mon-grand-est.fr/cite-ouvriere-de-mulhouse/cite-ouvriere-de-mulhouse-04-french-moments/,page,
https://mon-grand-est.fr/cite-ouvriere-de-mulhouse/cite-ouvriere-de-mulhouse-10-french-moments/,page,
https://mon-grand-est.fr/cite-ouvriere-de-mulhouse/cite-ouvriere-de-mulhouse-06-french-moments/,page,
https://mon-grand-est.fr/cite-ouvriere-de-mulhouse/cite-ouvriere-de-mulhouse-09-french-moments/,page,
https://mon-grand-est.fr/cite-ouvriere-de-mulhouse/cite-ouvriere-de-mulhouse-03-french-moments/,page,
https://mon-grand-est.fr/cite-ouvriere-de-mulhouse/cite-ouvriere-de-mulhouse-05-french-moments/,page,
https://mon-grand-est.fr/cite-ouvriere-de-mulhouse/cite-ouvriere-de-mulhouse-02-french-moments/,page,
https://mon-grand-est.fr/cite-ouvriere-de-mulhouse/cite-ouvriere-de-mulhouse-01-french-moments/,page,
https://mon-grand-est.fr/cite-ouvriere-menier-noisiel/,page,
https://mon-grand-est.fr/lorraine-au-printemps/nancy-spring-2019-13-french-moments/,page,
https://mon-grand-est.fr/lorraine-au-printemps/nancy-spring-2019-18-french-moments/,page,
https://mon-grand-est.fr/lorraine-au-printemps/nancy-spring-2019-17-french-moments/,page,
https://mon-grand-est.fr/lorraine-au-printemps/nancy-spring-2019-15-french-moments/,page,
https://mon-grand-est.fr/visiter-paris-avec-des-enfants/,page,
https://mon-grand-est.fr/cite-ouvriere-de-mulhouse/cite-ouvriere-menier-11-french-moments/,page,
https://mon-grand-est.fr/cite-ouvriere-de-mulhouse/cite-ouvriere-menier-16-french-moments/,page,
https://mon-grand-est.fr/cite-ouvriere-de-mulhouse/cite-ouvriere-menier-04-french-moments/,page,
https://mon-grand-est.fr/cite-ouvriere-de-mulhouse/cite-ouvriere-menier-14-french-moments/,page,
https://mon-grand-est.fr/cite-ouvriere-de-mulhouse/cite-ouvriere-menier-15-french-moments/,page,
https://mon-grand-est.fr/cite-ouvriere-de-mulhouse/cite-ouvriere-menier-08-french-moments/,page,
https://mon-grand-est.fr/aeroports-en-alsace/,page,
https://mon-grand-est.fr/cite-ouvriere-de-mulhouse/cite-ouvriere-menier-09-french-moments/,page,
https://mon-grand-est.fr/cite-ouvriere-de-mulhouse/cite-ouvriere-menier-17-french-moments/,page,
https://mon-grand-est.fr/cite-ouvriere-de-mulhouse/cite-ouvriere-menier-12-french-moments/,page,
https://mon-grand-est.fr/cite-ouvriere-de-mulhouse/cite-ouvriere-menier-18-french-moments/,page,
https://mon-grand-est.fr/cite-ouvriere-de-mulhouse/cite-ouvriere-menier-03-french-moments/,page,
https://mon-grand-est.fr/cite-ouvriere-de-mulhouse/cite-ouvriere-menier-13-french-moments/,page,
https://mon-grand-est.fr/chocolaterie-menier-noisiel/,page,
https://mon-grand-est.fr/lorraine-au-printemps/nancy-spring-2019-01-french-moments/,page,
https://mon-grand-est.fr/lorraine-au-printemps/nancy-spring-2019-16-french-moments/,page,
https://mon-grand-est.fr/lorraine-au-printemps/nancy-spring-2019-08-french-moments/,page,
https://mon-grand-est.fr/lorraine-au-printemps/nancy-spring-2019-07-french-moments/,page,
https://mon-grand-est.fr/cite-ouvriere-menier-noisiel/chocolaterie-menier-noisiel-11-french-moments/,page,
https://mon-grand-est.fr/cite-ouvriere-menier-noisiel/chocolaterie-menier-noisiel-03-french-moments/,page,
https://mon-grand-est.fr/cite-ouvriere-menier-noisiel/chocolaterie-menier-noisiel-09-french-moments/,page,
https://mon-grand-est.fr/cite-ouvriere-menier-noisiel/chocolaterie-menier-noisiel-04-french-moments/,page,
https://mon-grand-est.fr/cite-ouvriere-menier-noisiel/chocolaterie-menier-noisiel-06-french-moments/,page,
https://mon-grand-est.fr/cite-ouvriere-menier-noisiel/chocolaterie-menier-noisiel-10-french-moments/,page,
https://mon-grand-est.fr/cite-ouvriere-de-mulhouse/cite-ouvriere-menier-07-french-moments/,page,
https://mon-grand-est.fr/cite-ouvriere-menier-noisiel/chocolaterie-menier-noisiel-08-french-moments/,page,
https://mon-grand-est.fr/cite-ouvriere-menier-noisiel/chocolaterie-menier-noisiel-20-french-moments/,page,
https://mon-grand-est.fr/cite-ouvriere-menier-noisiel/chocolaterie-menier-noisiel-17-french-moments/,page,
https://mon-grand-est.fr/cite-ouvriere-menier-noisiel/chocolaterie-menier-noisiel-18-french-moments/,page,
https://mon-grand-est.fr/cite-ouvriere-menier-noisiel/chocolaterie-menier-noisiel-07-french-moments/,page,
https://mon-grand-est.fr/cite-ouvriere-menier-noisiel/chocolaterie-menier-noisiel-19-french-moments/,page,
https://mon-grand-est.fr/chocolaterie-menier-noisiel/affiche-publicitaire-de-1893-creee-par-firmin-bouisset/,page,
https://mon-grand-est.fr/chocolaterie-menier-noisiel/affiche-publicitaire-de-1894-creee-par-firmin-bouisset/,page,
https://mon-grand-est.fr/chocolaterie-menier-noisiel/affiche-publicitaire-des-chocolats-menier/,page,
https://mon-grand-est.fr/lorraine-au-printemps/nancy-spring-2019-02-french-moments/,page,
https://mon-grand-est.fr/lorraine-au-printemps/metz-gardens-spring-05-french-moments/,page,
https://mon-grand-est.fr/lorraine-au-printemps/metz-gardens-spring-04-french-moments/,page,
https://mon-grand-est.fr/lorraine-au-printemps/metz-gardens-spring-03-french-moments/,page,
https://mon-grand-est.fr/lorraine-au-printemps/metz-gardens-spring-02-french-moments/,page,
https://mon-grand-est.fr/lorraine-au-printemps/metz-gardens-spring-01-french-moments/,page,
https://mon-grand-est.fr/lorraine-au-printemps/moselle-cruise-metz-01-french-moments/,page,
https://mon-grand-est.fr/lorraine-au-printemps/moselle-cruise-metz-05-french-moments/,page,
https://mon-grand-est.fr/lorraine-au-printemps/moselle-cruise-metz-07-french-moments/,page,
https://mon-grand-est.fr/lorraine-au-printemps/moselle-cruise-metz-06-french-moments/,page,
https://mon-grand-est.fr/lorraine-au-printemps/moselle-cruise-metz-02-french-moments/,page,
https://mon-grand-est.fr/lorraine-au-printemps/moselle-cruise-metz-03-french-moments/,page,
https://mon-grand-est.fr/lorraine-au-printemps/moselle-cruise-metz-04-french-moments/,page,
https://mon-grand-est.fr/lorraine-au-printemps/metz-spring-2019-09-french-moments/,page,
https://mon-grand-est.fr/lorraine-au-printemps/metz-spring-2019-08-french-moments/,page,
https://mon-grand-est.fr/lorraine-au-printemps/metz-spring-2019-07-french-moments/,page,
https://mon-grand-est.fr/lorraine-au-printemps/metz-spring-2019-06-french-moments/,page,
https://mon-grand-est.fr/lorraine-au-printemps/metz-spring-2019-05-french-moments/,page,
https://mon-grand-est.fr/lorraine-au-printemps/fougerolles-spring-03-lr-french-moments/,page,
https://mon-grand-est.fr/lorraine-au-printemps/fougerolles-spring-02-lr-french-moments/,page,
https://mon-grand-est.fr/lorraine-au-printemps/fougerolles-spring-01-lr-french-moments/,page,
https://mon-grand-est.fr/villes-d-alsace-lorraine/,page,
https://mon-grand-est.fr/decouverte-du-lac-dannecy/,page,
https://mon-grand-est.fr/unesco-en-alsace-et-lorraine/,page,
https://mon-grand-est.fr/plombieres-les-bains/,page,
https://mon-grand-est.fr/bedoin-provence/,page,
https://mon-grand-est.fr/place-dalliance-nancy/esplanade-metz-french-moments-2/,page,
https://mon-grand-est.fr/lorraine-au-printemps/metz-gardens-spring-06-french-moments/,page,
https://mon-grand-est.fr/category/villes-du-grand-est/,page,
https://mon-grand-est.fr/visiter-annecy-la-venise-des-alpes/,page,
https://mon-grand-est.fr/place-dalliance-nancy/saulcy-metz-french-moments/,page,
https://mon-grand-est.fr/place-dalliance-nancy/avenue-foch-10-french-moments/,page,
https://mon-grand-est.fr/bateau-solaire-sur-la-moselle-metz/metz-cruise-39-french-moments/,page,
https://mon-grand-est.fr/lorraine-au-printemps/metz-gambetta-french-moments/,page,
https://mon-grand-est.fr/place-dalliance-nancy/gare-de-metz-exterior-10-french-moments/,page,
https://mon-grand-est.fr/bedoin-provence/crillon-le-brave-01-french-moments/,page,
https://mon-grand-est.fr/bedoin-provence/le-barroux-french-moments/,page,
https://mon-grand-est.fr/bedoin-provence/mormoiron-lavender-fields-french-moments/,page,
https://mon-grand-est.fr/bedoin-provence/flassan-10-french-moments/,page,
https://mon-grand-est.fr/bedoin-provence/bedoin-market-02-french-moments/,page,
https://mon-grand-est.fr/category/villes-du-grand-est/molsheim/,page,
https://mon-grand-est.fr/bahnhof-metz/,page,
https://mon-grand-est.fr/vivre-et-renover-en-lorraine/,page,
https://mon-grand-est.fr/category/villes-du-grand-est/aix-les-bains/,page,
https://mon-grand-est.fr/bedoin-provence/bedoin-market-03-french-moments/,page,
https://mon-grand-est.fr/chapiteaux-sculptes-de-la-gare-de-metz/,page,
https://mon-grand-est.fr/bedoin-provence/bedoin-market-04-french-moments/,page,
https://mon-grand-est.fr/bedoin-provence/bedoin-market-05-french-moments/,page,
https://mon-grand-est.fr/bedoin-provence/bedoin-market-06-french-moments/,page,
https://mon-grand-est.fr/bedoin-provence/bedoin-07-french-moments/,page,
https://mon-grand-est.fr/bedoin-provence/bedoin-market-01-french-moments/,page,
https://mon-grand-est.fr/bedoin-provence/bedoin-13-french-moments/,page,
https://mon-grand-est.fr/bedoin-provence/bedoin-12-french-moments/,page,
https://mon-grand-est.fr/bedoin-provence/bedoin-10-french-moments/,page,
https://mon-grand-est.fr/bedoin-provence/bedoin-15-french-moments/,page,
https://mon-grand-est.fr/bedoin-provence/bedoin-16-french-moments/,page,
https://mon-grand-est.fr/bedoin-provence/bedoin-17-french-moments/,page,
https://mon-grand-est.fr/place-dalliance-nancy/gare-de-metz-exterior-24-french-moments/,page,
https://mon-grand-est.fr/place-dalliance-nancy/gare-de-metz-exterior-25-french-moments/,page,
https://mon-grand-est.fr/place-dalliance-nancy/gare-de-metz-exterior-26-french-moments/,page,
https://mon-grand-est.fr/place-dalliance-nancy/gare-de-metz-exterior-27-french-moments/,page,
https://mon-grand-est.fr/place-dalliance-nancy/gare-de-metz-exterior-28-french-moments/,page,
https://mon-grand-est.fr/place-dalliance-nancy/gare-de-metz-exterior-29-french-moments/,page,
https://mon-grand-est.fr/place-dalliance-nancy/gare-de-metz-exterior-30-french-moments/,page,
https://mon-grand-est.fr/place-dalliance-nancy/gare-de-metz-exterior-31-french-moments/,page,
https://mon-grand-est.fr/place-dalliance-nancy/gare-de-metz-exterior-32-french-moments/,page,
https://mon-grand-est.fr/place-dalliance-nancy/gare-de-metz-exterior-33-french-moments/,page,
https://mon-grand-est.fr/place-dalliance-nancy/gare-de-metz-exterior-34-french-moments/,page,
https://mon-grand-est.fr/place-dalliance-nancy/gare-de-metz-exterior-35-french-moments/,page,
https://mon-grand-est.fr/place-dalliance-nancy/gare-de-metz-exterior-36-french-moments/,page,
https://mon-grand-est.fr/place-dalliance-nancy/gare-de-metz-exterior-37-french-moments/,page,
https://mon-grand-est.fr/place-dalliance-nancy/gare-de-metz-exterior-38-french-moments/,page,
https://mon-grand-est.fr/bedoin-provence/bedoin-18-french-moments/,page,
https://mon-grand-est.fr/bedoin-provence/bedoin-05-french-moments/,page,
https://mon-grand-est.fr/bedoin-provence/bedoin-19-french-moments/,page,
https://mon-grand-est.fr/bedoin-provence/bedoin-08-french-moments/,page,
https://mon-grand-est.fr/bedoin-provence/bedoin-01-french-moments/,page,
https://mon-grand-est.fr/bedoin-provence/bedoin-09-french-moments/,page,
https://mon-grand-est.fr/place-dalliance-nancy/gare-de-metz-interior-11-french-moments/,page,
https://mon-grand-est.fr/place-dalliance-nancy/gare-de-metz-exterior-04-french-moments/,page,
https://mon-grand-est.fr/place-dalliance-nancy/gare-de-metz-by-night-01-french-moments/,page,
https://mon-grand-est.fr/place-dalliance-nancy/gare-de-metz-exterior-15-french-moments/,page,
https://mon-grand-est.fr/place-dalliance-nancy/gare-de-metz-exterior-54-french-moments/,page,
https://mon-grand-est.fr/envie-de-visiter-metz/el-theatris-metz-04-french-moments/,page,
https://mon-grand-est.fr/envie-de-visiter-metz/el-theatris-metz-03-french-moments/,page,
https://mon-grand-est.fr/envie-de-visiter-metz/el-theatris-metz-02-french-moments/,page,
https://mon-grand-est.fr/envie-de-visiter-metz/el-theatris-metz-01-french-moments/,page,
https://mon-grand-est.fr/lorraine-au-printemps/la-fleur-de-ly-metz-01-lr-french-moments/,page,
https://mon-grand-est.fr/lorraine-au-printemps/la-fleur-de-ly-metz-02-lr-french-moments/,page,
https://mon-grand-est.fr/lorraine-au-printemps/la-fleur-de-ly-metz-03-lr-french-moments/,page,
https://mon-grand-est.fr/lorraine-au-printemps/la-fleur-de-ly-metz-04-lr-french-moments/,page,
https://mon-grand-est.fr/envie-de-visiter-metz/bistro-de-g-metz-03-french-moments/,page,
https://mon-grand-est.fr/envie-de-visiter-metz/bistro-de-g-metz-02-french-moments/,page,
https://mon-grand-est.fr/envie-de-visiter-metz/bistro-de-g-metz-01-french-moments/,page,
https://mon-grand-est.fr/envie-de-visiter-metz/au-detour-metz-03-french-moments/,page,
https://mon-grand-est.fr/envie-de-visiter-metz/au-detour-metz-02-french-moments/,page,
https://mon-grand-est.fr/envie-de-visiter-metz/au-detour-metz-01-french-moments/,page,
https://mon-grand-est.fr/place-dalliance-nancy/terroirs-de-lorraine-04-french-moments/,page,
https://mon-grand-est.fr/place-dalliance-nancy/terroirs-de-lorraine-01-french-moments/,page,
https://mon-grand-est.fr/place-dalliance-nancy/terroirs-de-lorraine-02-french-moments/,page,
https://mon-grand-est.fr/place-dalliance-nancy/terroirs-de-lorraine-03-french-moments/,page,
https://mon-grand-est.fr/place-dalliance-nancy/lemoy-metz-01-french-moments/,page,
https://mon-grand-est.fr/place-dalliance-nancy/lemoy-metz-03-french-moments/,page,
https://mon-grand-est.fr/place-dalliance-nancy/lemoy-metz-02-french-moments/,page,
https://mon-grand-est.fr/gourmandises-lorraines/paris-metz-lemoy-french-moments/,page,
https://mon-grand-est.fr/hotel-de-ville-de-nancy/metz-christmas-market-saint-louis-french-moments/,page,
https://mon-grand-est.fr/hotel-de-ville-de-nancy/metz-christmas-old-town-01-french-moments/,page,
https://mon-grand-est.fr/hotel-de-ville-de-nancy/metz-christmas-place-de-la-cathedrale-01-french-moments/,page,
https://mon-grand-est.fr/hotel-de-ville-de-nancy/metz-christmas-place-de-la-comedie-01-french-moments/,page,
https://mon-grand-est.fr/hotel-de-ville-de-nancy/metz-christmas-place-saint-jacques-french-moments/,page,
https://mon-grand-est.fr/hotel-de-ville-de-nancy/metz-christmas-place-saint-louis-02-french-moments/,page,
https://mon-grand-est.fr/envie-de-visiter-metz/musee-cour-dor-metz-02-french-moments/,page,
https://mon-grand-est.fr/envie-de-visiter-metz/musee-cour-dor-metz-03-french-moments/,page,
https://mon-grand-est.fr/envie-de-visiter-metz/musee-cour-dor-metz-04-french-moments/,page,
https://mon-grand-est.fr/envie-de-visiter-metz/musee-cour-dor-metz-07-french-moments/,page,
https://mon-grand-est.fr/envie-de-visiter-metz/musee-cour-dor-metz-08-french-moments/,page,
https://mon-grand-est.fr/envie-de-visiter-metz/musee-cour-dor-metz-06-french-moments/,page,
https://mon-grand-est.fr/envie-de-visiter-metz/musee-cour-dor-metz-05-french-moments/,page,
https://mon-grand-est.fr/envie-de-visiter-metz/musee-cour-dor-metz-01-french-moments/,page,
https://mon-grand-est.fr/envie-de-visiter-metz/musee-cour-dor-metz-10-french-moments/,page,
https://mon-grand-est.fr/vieille-ville-de-metz/metz-cathedral-10-french-moments-2/,page,
https://mon-grand-est.fr/vieille-ville-de-metz/metz-cathedral-04-french-moments-2/,page,
https://mon-grand-est.fr/vieille-ville-de-metz/metz-cathedral-01-french-moments-2/,page,
https://mon-grand-est.fr/place-dalliance-nancy/metz-cathedral-03-french-moments-3/,page,
https://mon-grand-est.fr/place-dalliance-nancy/rue-saulnerie-metz-french-moments/,page,
https://mon-grand-est.fr/bateau-solaire-sur-la-moselle-metz/metz-cruise-25-french-moments/,page,
https://mon-grand-est.fr/place-dalliance-nancy/place-de-la-comedie-metz-03-french-moments/,page,
https://mon-grand-est.fr/bateau-solaire-sur-la-moselle-metz/metz-cruise-35-french-moments/,page,
https://mon-grand-est.fr/place-dalliance-nancy/place-de-la-comedie-metz-01-french-moments/,page,
https://mon-grand-est.fr/place-dalliance-nancy/place-sainte-croix-metz-french-moments/,page,
https://mon-grand-est.fr/marche-de-noel-de-ribeauville/march-de-nol-mdival-de-ribeauvill_36722118992_o/,page,
https://mon-grand-est.fr/marche-de-noel-de-ribeauville/march-de-nol-de-ribeauvill_37328693121_o/,page,
https://mon-grand-est.fr/marche-de-noel-de-ribeauville/inauguration-dun-jardin-pdagogique_36753267801_o/,page,
https://mon-grand-est.fr/marche-de-noel-de-ribeauville/march-de-nol-de-ribeauvill_38456361161_o/,page,
https://mon-grand-est.fr/category/villes-du-grand-est/ribeauville/,page,
https://mon-grand-est.fr/lorraine-bucolique/hattonchatel-village-03-french-moments/,page,
https://mon-grand-est.fr/butte-de-montsec/hattonchatel-lorraine-french-moments/,page,
https://mon-grand-est.fr/lieux-de-tournage-en-lorraine/hattonchatel-castle-garden-french-moments/,page,
https://mon-grand-est.fr/butte-de-montsec/hattonchatel-view-03-french-moments/,page,
https://mon-grand-est.fr/butte-de-montsec/lorraine-woevre-village-french-moments/,page,
https://mon-grand-est.fr/butte-de-montsec/hattonchatel-castle-front-french-moments/,page,
https://mon-grand-est.fr/butte-de-montsec/butte-de-montsec-view-04-french-moments/,page,
https://mon-grand-est.fr/butte-de-montsec/butte-de-montsec-view-02-french-moments/,page,
https://mon-grand-est.fr/butte-de-montsec/butte-de-montsec-view-06-french-moments/,page,
https://mon-grand-est.fr/butte-de-montsec/lorraine-countryside-from-montsec-french-moments/,page,
https://mon-grand-est.fr/butte-de-montsec/american-memorial-butte-de-montsec-07-french-moments/,page,
https://mon-grand-est.fr/lorraine-bucolique/royaumeix-02-french-moments/,page,
https://mon-grand-est.fr/lorraine-bucolique/royaumeix-03-french-moments/,page,
https://mon-grand-est.fr/lorraine-bucolique/sanzey-03-french-moments/,page,
https://mon-grand-est.fr/lorraine-bucolique/sanzey-11-french-moments/,page,
https://mon-grand-est.fr/lorraine-bucolique/bruley-lorraine-01-french-moments/,page,
https://mon-grand-est.fr/wp-content/uploads/2020/12/Noel-Ebook-Colmar-by-French-Moments.pdf,pdf,https://mon-grand-est.fr/buche-de-noel/
https://www.visitmonaco.com,pdf,https://mon-grand-est.fr/monaco-de-nuit/
