url,type,referer
https://www.librariesireland.ie/,page,
https://www.librariesireland.ie/services/work-matters/useful-links-business-support,page,
https://www.librariesireland.ie/services/work-matters/start-your-own-business,page,
https://www.librariesireland.ie/services/work-matters/intellectual-property-rights,page,
https://www.librariesireland.ie/services/work-matters/finance-and-funding,page,
https://www.librariesireland.ie/services/work-matters/voluntary-work,page,
https://www.librariesireland.ie/services/work-matters/useful-links-employment,page,
https://www.librariesireland.ie/services/preparing-a-job-application,page,
https://www.librariesireland.ie/services/interview-skills,page,
https://www.librariesireland.ie/services/work-matters/coping-with-unemployment,page,
https://www.librariesireland.ie/services/career-advice-services,page,
https://www.librariesireland.ie/services/work-matters,page,
https://www.librariesireland.ie/culture-and-local-history,page,
https://www.librariesireland.ie/services/europe-direct,page,
https://www.librariesireland.ie/aptitude-tests,page,
https://www.librariesireland.ie/services/healthy-ireland-at-your-library,page,
https://www.librariesireland.ie/services/europe-direct/eu-information,page,
https://www.librariesireland.ie/elibrary/eaudiobooks,page,
https://www.librariesireland.ie/eu-publications,page,
https://www.librariesireland.ie/elibrary/ebooks,page,
https://www.librariesireland.ie/healthy-ireland-at-your-library-webinars,page,
https://www.librariesireland.ie/services/europe-direct/who-does-what,page,
https://www.librariesireland.ie/local-centres/waterford-library,page,
https://www.librariesireland.ie/local-centres/sligo-library,page,
https://www.librariesireland.ie/local-centres/portlaoise-library,page,
https://www.librariesireland.ie/local-centres/sligo-library?page=1,page,
https://www.librariesireland.ie/local-centres/sligo-library?page=0,page,
https://www.librariesireland.ie/events/how-to-be-a-citizen-scientist,page,
https://www.librariesireland.ie/events/robotics-workshop,page,
https://www.librariesireland.ie/events/podcasting-workshop-0,page,
https://www.librariesireland.ie/events/podcasting-workshop,page,
https://www.librariesireland.ie/events/europe-direct-soapbox-2022,page,
https://www.librariesireland.ie/events/energy-conservation-in-the-home-0,page,
https://www.librariesireland.ie/events/learn-spanish-with-laois-libraries,page,
https://www.librariesireland.ie/events/french-classes,page,
https://www.librariesireland.ie/events/energy-conservation-in-the-home,page,
https://www.librariesireland.ie/events/portlaoise-soapbox-competition,page,
https://www.librariesireland.ie/events/can-using-social-media-influence-your-views-on-politics-and-how-you-vote,page,
https://www.librariesireland.ie/events/free-online-webinar-on-the-public-consultation-for-the-new-eu-forest-strategy-march-11th-at,page,
https://www.librariesireland.ie/events/erasmus-for-young-entrepreneurs-interview-with-maria-deady-manuel-villagran-and-ellen,page,
https://www.librariesireland.ie/events/josephine-mcgread-msletb-adult-education-guidance-service-interview-for-edic-sligo,page,
https://www.librariesireland.ie/events/jean-gilligan-springboard-at-it-sligo-interview-for-edic-sligo-enterprise-week,page,
https://www.librariesireland.ie/events/garrett-crowley-of-leo-sligo-interview-for-edic-sligo-enterprise-week,page,
https://www.librariesireland.ie/events/edic-sligo-irish-organic-dairy-farming-and-the-eu-biodiversity-strategy-2030-a-real,page,
https://www.librariesireland.ie/events/edic-sligo-regional-soapbox-final-2020-everyone-wants-to-go-back-to-the-pre-covid-way-of,page,
https://www.librariesireland.ie/events/edic-sligo-celebrates-european-day-of-languages-on-saturday-26th-september-2020,page,
https://www.librariesireland.ie/events/edic-sligo-building-a-3d-printer-and-modelling-for-3d-printing,page,
https://www.librariesireland.ie/events/edic-sligo-making-simple-robots,page,
https://www.librariesireland.ie/events/edic-sligo-a-briefing-on-the-european-green-deal,page,
https://www.librariesireland.ie/local-centres/limerick-library,page,
https://www.librariesireland.ie/local-centres/central-library-letterkenny,page,
https://www.librariesireland.ie/local-centres/clones-library,page,
https://www.librariesireland.ie/local-centres/carrigaline-library,page,
https://www.librariesireland.ie/local-centres/blanchardstown-library,page,
https://www.librariesireland.ie/events/calculate-your-carbon-footprint-at-europe-direct-clones,page,
https://www.librariesireland.ie/events/europe-direct-soapbox-competition-2021-lies-damned-lies-and-statistics-establishing-the,page,
https://www.librariesireland.ie/events/education-and-employment-options-in-the-eu-for-young-people,page,
https://www.librariesireland.ie/events/citizenv-dialogues-europe-direct-blanchardstown,page,
https://www.librariesireland.ie/events/the-jmkelly-memorial-lecture-2019,page,
https://www.librariesireland.ie/events/europe-direct-blanchardstown-library-annual-soapbox-competition-2021-0,page,
https://www.librariesireland.ie/events/europe-direct-blanchardstown-library-annual-soapbox-competition-2021,page,
https://www.librariesireland.ie/events/europe-direct-blanchardstown-library-annual-soapbox-competition,page,
https://www.librariesireland.ie/news/euro-celebrates-its-20th-birthday,page,
https://www.librariesireland.ie/news/brexit-preparedness-european-commission-adopts-final-set-of-no-deal-contingency-measures-for,page,
https://www.librariesireland.ie/news/what-has-the-eu-ever-done-for-us,page,
https://www.librariesireland.ie/news/robojam-workshops-at-edic-blanchardstown,page,
https://www.librariesireland.ie/events/people-like-me-voices-like-mine-womens-voices-in-democracy,page,
https://www.librariesireland.ie/events/learn-to-programme-and-code-with-clones-edic,page,
https://www.librariesireland.ie/events/the-climate-emergency-and-the-european-green-deal,page,
https://www.librariesireland.ie/events/christmas-craft-workshop,page,
https://www.librariesireland.ie/events/techspace-in-clones-edic,page,
https://www.librariesireland.ie/news/europe-badges-awarded-in-clones-edic,page,
https://www.librariesireland.ie/news/get-ready-for-the-renovation-wave,page,
https://www.librariesireland.ie/news/soapbox-competition-2021-lies-damned-lies-and-statistics-establishing-the-truth-is-impossible,page,
https://www.librariesireland.ie/local-centres/ballinasloe-library,page,
https://www.librariesireland.ie/news,page,
https://www.librariesireland.ie/events,page,
https://www.librariesireland.ie/news?page=1,page,
https://www.librariesireland.ie/news/most-borrowed-books-2020-0,page,
https://www.librariesireland.ie/news/public-pledge-800000-reading-minutes-for-ireland-reads,page,
https://www.librariesireland.ie/news/grow-it-forward-with-free-seeds-from-your-local-library,page,
https://www.librariesireland.ie/news/drop-in-to-your-library,page,
https://www.librariesireland.ie/news/the-art-of-reading-book-club-with-the-laureate-for-irish-fiction,page,
https://www.librariesireland.ie/news/ireland-reads-2022,page,
https://www.librariesireland.ie/news/your-new-and-improved-online-library-system-is-ready,page,
https://www.librariesireland.ie/events?page=1,page,
https://www.librariesireland.ie/events/soapbox-national-competition,page,
https://www.librariesireland.ie/news?page=2,page,
https://www.librariesireland.ie/news?page=0,page,
https://www.librariesireland.ie/news/national-library-open-day,page,
https://www.librariesireland.ie/news/most-borrowed-books-of-2019-revealed,page,
https://www.librariesireland.ie/news/public-libraries-closed-until-further-notice,page,
https://www.librariesireland.ie/news/online-services-during-coronavirus,page,
https://www.librariesireland.ie/events?page=2,page,
https://www.librariesireland.ie/events?page=0,page,
https://www.librariesireland.ie/news/enjoy-some-rewarding-reads-with-your-library,page,
https://www.librariesireland.ie/news/ireland-reads,page,
https://www.librariesireland.ie/news/library-branches-during-covid-19-level-5-restrictions,page,
https://www.librariesireland.ie/news/spring-into-storytime-this-april,page,
https://www.librariesireland.ie/news/my-little-library-book-bags-for-all-children-starting-school,page,
https://www.librariesireland.ie/elibrary-user-guides,page,
https://www.librariesireland.ie/news/free-football-themed-activity-book-now-available-in-your-library,page,
https://www.librariesireland.ie/ga/news/malai-leabhar-mo-leabharlann-bheag-do-gach-leanbh-ata-ag-tosu-ar-scoil,page,
https://www.librariesireland.ie/local-centres,page,
https://www.librariesireland.ie/services/right-to-read,page,
https://www.librariesireland.ie/local-libraries/learn-about-your-local-library/libraries-ireland-2022,page,
https://www.librariesireland.ie/local-libraries/learn-about-your-local-library,page,
https://www.librariesireland.ie/local-libraries,page,
https://www.librariesireland.ie/find-your-local-library,page,
https://www.librariesireland.ie/services/right-to-read/summer-stars,page,
https://www.librariesireland.ie/ga/news,page,
https://www.librariesireland.ie/ga/services,page,
https://www.librariesireland.ie/services/reading/reading-champions/tomm-moore,page,
https://www.librariesireland.ie/services/reading/reading-champions/shane-dooley,page,
https://www.librariesireland.ie/ga/news?page=1,page,
https://www.librariesireland.ie/ireland-reads,page,
https://www.librariesireland.ie/ga/scileanna-don-saol,page,
https://www.librariesireland.ie/ga/services/cultur-agus-stair-aitiuil,page,
https://www.librariesireland.ie/ga/services/europe-direct,page,
https://www.librariesireland.ie/ga/services/right-to-read/services-to-schools,page,
https://www.librariesireland.ie/ga/services/eire-shlaintiuil-ag-do-leabharlann,page,
https://www.librariesireland.ie/ga/services/an-ceart-chun-leamh,page,
https://www.librariesireland.ie/ga/services/work-matters,page,
https://www.librariesireland.ie/ga/news?page=2,page,
https://www.librariesireland.ie/ireland-reads-2026-a-call-to-all-childcare-early-learning-centres,page,
https://www.librariesireland.ie/ga/node/76,page,
https://www.librariesireland.ie/ga/services/work-matters/tosaigh-do-ghno-fein,page,
https://www.librariesireland.ie/ga/services/europe-direct/comortas-soapbox-europe-direct,page,
https://www.librariesireland.ie/ga/services/right-to-read/naisc-agus-suimh-idirlin-ghaolmhara,page,
https://www.librariesireland.ie/ga/aimsigh-do-leabharlann-aitiuil,page,
https://www.librariesireland.ie/ga/mo-leabharlann-bheag,page,
https://www.librariesireland.ie/ga/trialacha-inniulachta,page,
https://www.librariesireland.ie/ga/services/right-to-read/reading-champions/tomm-moore,page,
https://www.librariesireland.ie/ga/services/right-to-read/reading-champions/shane-dooley,page,
https://www.librariesireland.ie/ga/services/right-to-read/reading-champions/sarah-webb,page,
https://www.librariesireland.ie/ga/services/right-to-read/reading-champions/rob-kearney,page,
https://www.librariesireland.ie/ga/services/europe-direct/faisneis-an-ae,page,
https://www.librariesireland.ie/services-to-elcs-and-childcare-settings,page,
https://www.librariesireland.ie/ga/services/europe-direct/cad-a-dheanann-na-daoine-eagsula,page,
https://www.librariesireland.ie/ga/node/128,page,
https://www.librariesireland.ie/ga/node/129,page,
https://www.librariesireland.ie/ga/node/127,page,
https://www.librariesireland.ie/ga/node/126,page,
https://www.librariesireland.ie/ga/events,page,
https://www.librariesireland.ie/ga/node/128?page=1,page,
https://www.librariesireland.ie/ga/node/120,page,
https://www.librariesireland.ie/ga/node/125,page,
https://www.librariesireland.ie/ga/node/122,page,
https://www.librariesireland.ie/ga/services/right-to-read/reading-champions/oisin-mcgann,page,
https://www.librariesireland.ie/ga/events?page=1,page,
https://www.librariesireland.ie/ga/node/128?page=0,page,
https://www.librariesireland.ie/ga/services/right-to-read/reading-champions/mick-odowd,page,
https://www.librariesireland.ie/ga/services/right-to-read/reading-champions/michael-murphy,page,
https://www.librariesireland.ie/ga/services/right-to-read/reading-champions/lee-chin,page,
https://www.librariesireland.ie/ga/services/right-to-read/reading-champions/kevin-mchugh,page,
https://www.librariesireland.ie/ga/services/right-to-read/reading-champions/kevin-doyle,page,
https://www.librariesireland.ie/ga/services/right-to-read/reading-champions/judi-curtin,page,
https://www.librariesireland.ie/ga/events?page=2,page,
https://www.librariesireland.ie/ga/events?page=0,page,
https://www.librariesireland.ie/ga/services/right-to-read/reading-champions/john-burke,page,
https://www.librariesireland.ie/ga/services/right-to-read/reading-champions/jack-mccaffrey,page,
https://www.librariesireland.ie/ga/services/right-to-read/reading-champions/eoin-colfer,page,
https://www.librariesireland.ie/ga/services/right-to-read/reading-champions/declan-odonnell,page,
https://www.librariesireland.ie/ga/services/right-to-read/reading-champions/davy-fitzgerald,page,
https://www.librariesireland.ie/ga/services/right-to-read/reading-champions/darren-shan,page,
https://www.librariesireland.ie/ga/services/right-to-read/reading-champions/conal-keaney,page,
https://www.librariesireland.ie/ga/services/right-to-read/reading-champions/alan-nolan,page,
https://www.librariesireland.ie/sites/default/files/media/file-uploads/2018-12/Ar-Leabharlanna-Poibli-2022.pdf,pdf,https://www.librariesireland.ie/local-libraries/learn-about-your-local-library/libraries-ireland-2022
https://www.librariesireland.ie/sites/default/files/media/file-uploads/2019-01/Ceisteanna-Coitianta__Baill-Leabharlann.pdf,pdf,https://www.librariesireland.ie/local-libraries/learn-about-your-local-library
https://www.librariesireland.ie/sites/default/files/media/file-uploads/2018-10/Feachtas-faoin-gCeart-chun-Cumais-Leitheoireachta.pdf,pdf,https://www.librariesireland.ie/ga/services/right-to-read/naisc-agus-suimh-idirlin-ghaolmhara
https://www.librariesireland.ie/sites/default/files/media/file-uploads/2023-09/LGMA%20-%20Little%20Library%20Childminders%20Leaflet%20A5%20-%20V3.pdf,pdf,https://www.librariesireland.ie/services-to-elcs-and-childcare-settings
https://www.librariesireland.ie/sites/default/files/media/file-uploads/2023-09/LGMA%20-%20Little%20Library%20ELC%20Leaflet%20A5%20-%20V4%20%281%29.pdf,pdf,https://www.librariesireland.ie/services-to-elcs-and-childcare-settings
https://www.librariesireland.ie/sites/default/files/media/file-uploads/2018-12/LGMA-Our-Public-Libraries-2022-ENG.pdf,pdf,https://www.librariesireland.ie/local-libraries/learn-about-your-local-library/libraries-ireland-2022
https://www.librariesireland.ie/sites/default/files/media/file-uploads/2018-12/Lifesteps%20Guide%20to%20Preparing%20a%20Job%20Application.pdf,pdf,https://www.librariesireland.ie/services/preparing-a-job-application
https://www.librariesireland.ie/sites/default/files/media/file-uploads/2020-02/Most%20Borrowed%20Books%20and%20Authors%202019.pdf,pdf,https://www.librariesireland.ie/news/most-borrowed-books-of-2019-revealed
https://www.librariesireland.ie/sites/default/files/media/file-uploads/2025-08/Past%20years%20Glossaries%20leaflet%201%20-%20V2%20%281%29.pdf,pdf,https://www.librariesireland.ie/ga/mo-leabharlann-bheag
https://www.librariesireland.ie/sites/default/files/media/file-uploads/2025-08/Past%20years%20Glossaries%20leaflet%202%20-%20V2%20%281%29.pdf,pdf,https://www.librariesireland.ie/ga/mo-leabharlann-bheag
https://www.librariesireland.ie/sites/default/files/media/file-uploads/2018-10/Right-to-Read-Campaign.pdf,pdf,https://www.librariesireland.ie/ga/services/right-to-read/naisc-agus-suimh-idirlin-ghaolmhara
https://www.librariesireland.ie/sites/default/files/media/file-uploads/2025-05/Single%20Page%20Glossary%20Design%20GAEILGE%20-%20FRAINCIS_1_0.pdf,pdf,https://www.librariesireland.ie/ga/mo-leabharlann-bheag
https://www.librariesireland.ie/sites/default/files/media/file-uploads/2025-05/Single%20Page%20Glossary%20Design%20GAEILGE-%20POLAINNIS_0_0.pdf,pdf,https://www.librariesireland.ie/ga/mo-leabharlann-bheag
https://www.librariesireland.ie/sites/default/files/media/file-uploads/2025-05/Single%20Page%20Glossary%20Design%20GAEILGE-PORTAINGE%E2%95%A0%C3%BCILIS_0_0.pdf,pdf,https://www.librariesireland.ie/ga/mo-leabharlann-bheag
https://www.librariesireland.ie/sites/default/files/media/file-uploads/2025-05/Single%20Page%20Glossary%20Design%20GAEILGE-RU%E2%95%A0%C3%BCISIS_0_0.pdf,pdf,https://www.librariesireland.ie/ga/mo-leabharlann-bheag
https://www.librariesireland.ie/sites/default/files/media/file-uploads/2025-05/Single%20Page%20Glossary%20Design%20GAEILGE-SPA%E2%95%A0%C3%BCINNIS_0_0.pdf,pdf,https://www.librariesireland.ie/ga/mo-leabharlann-bheag
https://www.librariesireland.ie/sites/default/files/media/file-uploads/2025-05/Single%20Page%20Glossary%20Design%20GAEILGE-U%E2%95%A0%C3%BCCRA%E2%95%A0%C3%BCINIS_0_0.pdf,pdf,https://www.librariesireland.ie/ga/mo-leabharlann-bheag
https://www.librariesireland.ie/sites/default/files/media/file-uploads/2025-05/Single%20Page%20Glossary%20Design%20Irish%20English%20_0.pdf,pdf,https://www.librariesireland.ie/ga/mo-leabharlann-bheag
https://www.librariesireland.ie/sites/default/files/media/file-uploads/2020-04/bbx_digital_user_guide_1.pdf,pdf,https://www.librariesireland.ie/news/online-services-during-coronavirus
https://careersportal.ie/pdfs/effective_interview_skills.pdf,pdf,https://www.librariesireland.ie/services/work-matters/useful-links-employment
https://www.librariesireland.ie/sites/default/files/media/file-uploads/2023-06/fai-wwc-school-activity-book.pdf,pdf,https://www.librariesireland.ie/news/free-football-themed-activity-book-now-available-in-your-library
https://www.localenterprise.ie/portal/response/other-leo-supports/leo-response-supports-pdf.pdf,pdf,https://www.librariesireland.ie/services/work-matters/useful-links-business-support
https://www.librariesireland.ie/sites/default/files/media/file-uploads/2023-11/lgma-little-library-childminders-leaflet-a5-irish-v1.pdf,pdf,https://www.librariesireland.ie/services-to-elcs-and-childcare-settings
https://www.librariesireland.ie/sites/default/files/media/file-uploads/2023-11/lgma-little-library-elc-leaflet-a5-irish-v1.pdf,pdf,https://www.librariesireland.ie/services-to-elcs-and-childcare-settings
https://www.librariesireland.ie/sites/default/files/media/file-uploads/2021-02/most-borrowed-books-2020.pdf,pdf,https://www.librariesireland.ie/news/most-borrowed-books-2020-0
https://www.librariesireland.ie/sites/default/files/media/file-uploads/2020-11/organic_dairying-frequently_asked_questions_december_2018.pdf,pdf,https://www.librariesireland.ie/events/edic-sligo-irish-organic-dairy-farming-and-the-eu-biodiversity-strategy-2030-a-real
https://www.librariesireland.ie/sites/default/files/media/file-uploads/2020-03/press-reader-online-how-to-guide-for-libraries.pdf,pdf,https://www.librariesireland.ie/news/online-services-during-coronavirus
https://www.librariesireland.ie/sites/default/files/media/file-uploads/2020-03/transparent-language-online-how-to-guide-for-libraries.pdf,pdf,https://www.librariesireland.ie/news/online-services-during-coronavirus
