url,filename,site,external_domain,file_size_bytes,file_size_human,status,crawled_at,published_date,doc_title,author,subject,keywords,description,accessible,totally_inaccessible,broken,tagged,empty_text,protected,title,language,bookmarks,tagged_content,forms,tagged_form_fields,tagged_annotations,figures_alt_text,headings,lists,tables,exempt,pages,words,images,errors
https://www.wellsfargo.com/assets/pdf/personal/help/Account_Close_Request_Form.pdf,Account_Close_Request_Form.pdf,wellsfargo.com,,,—,analysed,2026-03-12T21:12:46.754274+00:00,2022-11-30 17:26:15+00:00,,,,,,True,False,False,Pass,Pass,Pass,Pass,Pass,Pass,,,,,,,,,False,4,1161,1,
https://www.wellsfargo.com/assets/pdf/personal/debit-card/CDS_Image-Catalog_110424.pdf,CDS_Image-Catalog_110424.pdf,wellsfargo.com,,,—,analysed,2026-03-12T21:12:46.761557+00:00,2025-05-29 14:56:10+00:00,,,,,,True,False,False,Pass,Pass,Pass,Pass,Pass,Pass,,,,,,,,,False,3,413,96,
https://www.wellsfargo.com/assets/pdf/personal/personal-credit/PLG-authorization-form.pdf,PLG-authorization-form.pdf,wellsfargo.com,,,—,analysed,2026-03-12T21:12:46.762342+00:00,2024-07-09 14:37:51+00:00,,,,,,True,False,False,Pass,Pass,Pass,Pass,Pass,Pass,,,,,,,,,False,1,287,1,
https://www.wellsfargo.com/assets/es/pdf/personal/account-balance-worksheet.pdf,account-balance-worksheet.pdf,wellsfargo.com,,,—,analysed,2026-03-12T21:12:46.763228+00:00,2025-04-22 12:15:21+00:00,,,,,,True,False,False,Pass,Pass,Pass,Pass,Pass,Pass,,,,,,,,,False,1,220,0,
https://www.wellsfargo.com/assets/es/pdf/small-business/account_close.pdf,account_close.pdf,wellsfargo.com,,,—,analysed,2026-03-12T21:12:46.763972+00:00,2022-05-18 15:13:09+00:00,,,,,,True,False,False,Pass,Pass,Pass,Pass,Pass,Pass,,,,,,,,,False,1,136,0,
https://www.wellsfargo.com/assets/es/pdf/small-business/account_transfer_letter.pdf,account_transfer_letter.pdf,wellsfargo.com,,,—,analysed,2026-03-12T21:12:46.764765+00:00,2022-05-18 15:59:50+00:00,,,,,,True,False,False,Pass,Pass,Pass,Pass,Pass,Pass,,,,,,,,,False,1,208,0,
https://www.wellsfargo.com/assets/pdf/personal/debit-card/advisors-terms-and-conditions.pdf,advisors-terms-and-conditions.pdf,wellsfargo.com,,,—,analysed,2026-03-12T21:12:46.766737+00:00,2025-09-23 08:22:51+00:00,,,,,,True,False,False,Pass,Pass,Pass,Pass,Pass,Pass,,,,,,,,,False,8,7076,0,
https://www.wellsfargo.com/assets/pdf/about/corporate/ariba-network-transition.pdf,ariba-network-transition.pdf,wellsfargo.com,,,—,analysed,2026-03-12T21:12:46.767676+00:00,2024-02-08 15:51:32+00:00,,,,,,True,False,False,Pass,Pass,Pass,Pass,Pass,Pass,,,,,,,,,False,3,935,0,
https://www.wellsfargo.com/assets/pdf/about/corporate/ariba-supplier-information.pdf,ariba-supplier-information.pdf,wellsfargo.com,,,—,analysed,2026-03-12T21:12:46.768613+00:00,2026-02-24 19:28:29+00:00,,,,,,True,False,False,Pass,Pass,Pass,Pass,Pass,Pass,,,,,,,,,False,4,1197,2,
https://www.wellsfargo.com/assets/pdf/personal/help/automatic-payments-form.pdf,automatic-payments-form.pdf,wellsfargo.com,,,—,analysed,2026-03-12T21:12:46.769697+00:00,2024-11-21 18:26:37+00:00,,,,,,True,False,False,Pass,Pass,Pass,Pass,Pass,Pass,,,,,,,,,False,2,1046,1,
https://www.wellsfargo.com/assets/pdf/about/inclusion/banking-inclusion-branch-locations.pdf,banking-inclusion-branch-locations.pdf,wellsfargo.com,,,—,analysed,2026-03-12T21:12:46.770477+00:00,2025-09-09 09:26:40+00:00,,,,,,True,False,False,Pass,Pass,Pass,Pass,Pass,Pass,,,,,,,,,False,1,343,0,
https://www.wellsfargo.com/assets/es/pdf/about/inclusion/banking-inclusion-initiative.pdf,banking-inclusion-initiative-0.pdf,wellsfargo.com,,,—,analysed,2026-03-12T21:12:46.772015+00:00,2025-09-08 11:48:43+00:00,,,,,,True,False,False,Pass,Pass,Pass,Pass,Pass,Pass,,,,,,,,,False,2,632,4,
https://www.wellsfargo.com/assets/pdf/about/inclusion/banking-inclusion-initiative.pdf,banking-inclusion-initiative.pdf,wellsfargo.com,,,—,analysed,2026-03-12T21:12:46.773312+00:00,2025-09-08 11:25:21+00:00,,,,,,True,False,False,Pass,Pass,Pass,Pass,Pass,Pass,,,,,,,,,False,2,472,4,
https://www.wellsfargo.com/assets/pdf/personal/debit-card/brokerage-terms-and-conditions.pdf,brokerage-terms-and-conditions.pdf,wellsfargo.com,,,—,analysed,2026-03-12T21:12:46.774154+00:00,2025-09-23 07:39:01+00:00,,,,,,True,False,False,Pass,Pass,Pass,Pass,Pass,Pass,,,,,,,,,False,7,6341,0,
https://www.wellsfargo.com/assets/pdf/home-lending/certification-verification.pdf,certification-verification.pdf,wellsfargo.com,,,—,analysed,2026-03-12T21:12:46.775036+00:00,2023-03-30 18:58:07+00:00,,,,,,True,False,False,Pass,Pass,Pass,Pass,Pass,Pass,,,,,,,,,False,1,578,0,
https://www.wellsfargo.com/assets/pdf/home-lending/completing-profit-loss.pdf,completing-profit-loss.pdf,wellsfargo.com,,,—,analysed,2026-03-12T21:12:46.776235+00:00,2018-11-27 20:48:05+00:00,,,,,,True,False,False,Pass,Pass,Pass,Pass,Pass,Pass,,,,,,,,,False,2,703,0,
https://www.wellsfargo.com/assets/pdf/home-lending/consent-bankruptcy.pdf,consent-bankruptcy.pdf,wellsfargo.com,,,—,analysed,2026-03-12T21:12:46.777015+00:00,2023-04-24 12:47:15+00:00,,,,,,True,False,False,Pass,Pass,Pass,Pass,Pass,Pass,,,,,,,,,False,1,442,1,
https://www.wellsfargo.com/assets/pdf/home-lending/consent-mediation.pdf,consent-mediation.pdf,wellsfargo.com,,,—,analysed,2026-03-12T21:12:46.777772+00:00,2023-04-24 12:52:09+00:00,,,,,,True,False,False,Pass,Pass,Pass,Pass,Pass,Pass,,,,,,,,,False,1,327,1,
https://www.wellsfargo.com/assets/pdf/home-lending/contributor-acknowledgment.pdf,contributor-acknowledgment.pdf,wellsfargo.com,,,—,analysed,2026-03-12T21:12:46.778618+00:00,2023-10-26 19:44:23+00:00,,,,,,True,False,False,Pass,Pass,Pass,Pass,Pass,Pass,,,,,,,,,False,2,674,0,
https://www.wellsfargo.com/assets/pdf/personal/privacy-security/fraud/elder-financial-abuse.pdf,elder-financial-abuse.pdf,wellsfargo.com,,229261,223.9 KB,analysed,2026-03-12T21:12:46.779649+00:00,2025-09-25 04:58:38-06:00,,,,,,True,False,,Pass,Pass,Pass,Pass,Pass,Pass,Pass,NotApplicable,NotApplicable,Pass,Pass,Pass,Pass,NotApplicable,False,7,,,"fonts:/QCDNQR+WellsFargoSans-Regular, /QCDNQR+WellsFargoSans-Italic, /QCDNQR+WellsFargoSans-CondensedItalic, /QCDNQR+WellsFargoSans-Light, /QCDNQR+WellsFargoSans-SemiBold, /QCDNQR+WellsFargoSans-Condensed"
https://www.wellsfargo.com/assets/pdf/small-business/credit-cards/elite-visa-signature-guide-to-benefits.pdf,elite-visa-signature-guide-to-benefits.pdf,wellsfargo.com,,448968,438.4 KB,analysed,2026-03-12T21:12:46.781030+00:00,2022-08-10 16:02:03+00:00,,,,,,True,False,,Pass,Pass,Pass,Pass,Pass,Pass,Pass,NotApplicable,NotApplicable,Pass,Pass,Pass,Pass,NotApplicable,False,15,,,"fonts:/MHUEYO+MyriadPro-Regular, /MHUEYO+WellsFargoSans-Bold, /MHUEYO+WellsFargoSans-BoldItalic, /MHUEYO+WellsFargoSans-Regular, /MHUEYO+WellsFargoSans-Italic, /MHUEYO+WellsFargoSans-Condensed, /MHUEYO+WellsFargoSans-SemiBold, /MHUEYO+WellsFargoSans-Light"
https://www.wellsfargo.com/assets/pdf/personal/online-banking/error-resolution-and-cancellation-rights-es.pdf,error-resolution-and-cancellation-rights-es.pdf,wellsfargo.com,,,—,analysed,2026-03-12T21:12:46.781805+00:00,2024-09-19 22:49:23+00:00,,,,,,True,False,False,Pass,Pass,Pass,Pass,Pass,Pass,,,,,,,,,False,2,725,0,
https://www.wellsfargo.com/assets/pdf/home-lending/existing-customers-4506c.pdf,existing-customers-4506c.pdf,wellsfargo.com,,,—,analysed,2026-03-12T21:12:46.782559+00:00,2024-09-03 19:22:07+00:00,,,,,,True,False,False,Pass,Pass,Pass,Pass,Pass,Pass,,,,,,,,,False,2,2605,0,
https://www.wellsfargo.com/assets/pdf/home-lending/existing-customers-borrower-consent.pdf,existing-customers-borrower-consent.pdf,wellsfargo.com,,,—,analysed,2026-03-12T21:12:46.783297+00:00,2023-02-03 13:47:39+00:00,,,,,,True,False,False,Pass,Pass,Pass,Pass,Pass,Pass,,,,,,,,,False,1,162,2,
https://www.wellsfargo.com/assets/pdf/home-lending/expense-debt-worksheet.pdf,expense-debt-worksheet.pdf,wellsfargo.com,,,—,analysed,2026-03-12T21:12:46.784216+00:00,2023-04-26 19:56:13+00:00,,,,,,True,False,False,Pass,Pass,Pass,Pass,Pass,Pass,,,,,,,,,False,1,291,0,
https://www.wellsfargo.com/assets/pdf/home-lending/financial-contribution-fha-va.pdf.pdf,financial-contribution-fha-va.pdf.pdf,wellsfargo.com,,,—,analysed,2026-03-12T21:12:46.785262+00:00,2023-04-17 19:27:39+00:00,,,,,,True,False,False,Pass,Pass,Pass,Pass,Pass,Pass,,,,,,,,,False,1,276,2,
https://www.wellsfargo.com/assets/pdf/home-lending/financial-contribution-gse.pdf,financial-contribution-gse.pdf,wellsfargo.com,,,—,analysed,2026-03-12T21:12:46.786377+00:00,2023-04-21 19:44:50+00:00,,,,,,True,False,False,Pass,Pass,Pass,Pass,Pass,Pass,,,,,,,,,False,1,276,2,
https://www.wellsfargo.com/assets/pdf/home-lending/financial-contribution-wobp.pdf,financial-contribution-wobp.pdf,wellsfargo.com,,,—,analysed,2026-03-12T21:12:46.787490+00:00,2023-04-24 12:53:12+00:00,,,,,,True,False,False,Pass,Pass,Pass,Pass,Pass,Pass,,,,,,,,,False,1,276,2,
https://www.wellsfargo.com/assets/es/pdf/personal/debit-card/frd-overdraft-wellsfargo.pdf,frd-overdraft-wellsfargo.pdf,wellsfargo.com,,,—,analysed,2026-03-12T21:12:46.788269+00:00,2025-09-14 10:03:51+00:00,,,,,,True,False,False,Pass,Pass,Pass,Pass,Pass,Pass,,,,,,,,,False,1,907,0,
https://www.wellsfargo.com/assets/es/pdf/personal/privacy-security/fraud/identity-theft-kit.pdf,identity-theft-kit.pdf,wellsfargo.com,,150595,147.1 KB,analysed,2026-03-12T21:12:46.789168+00:00,2025-08-19 14:47:59+00:00,,,,,,False,False,,Fail,Pass,Pass,Fail,Fail,Pass,Fail,Fail,Pass,Fail,Fail,Fail,Fail,NotApplicable,False,3,,,"title, tagged, tagged-content-fail, lang, fonts:/AAAAAJ+WellsFargoSans-Condensed, /NEETJX+WellsFargoSans-Regular, /JGLVFF+WellsFargoSans, /AAAAAG+WellsFargoSans-SemiBold, /AAAAAL+WellsFargoSans-Condensed, /CUYFLT+WellsFargoSans-Regular, /AAAAAI+ArialMT, /JGLVFF+WellsFargoSans-Regular, /AAAAAC+TimesNewRomanPSMT, /AAAAAD+WellsFargoSans-Light, /AAAAAK+WellsFargoSans-Regular, /SORLKI+WellsFargoSans-Condensedfigures-alt, headings-skip, lists-fail, forms-fail, annotations-tagging-fail, "
https://www.wellsfargo.com/assets/es/pdf/small-business/checking/initiate.pdf,initiate.pdf,wellsfargo.com,,,—,analysed,2026-03-12T21:12:46.790035+00:00,2026-02-16 19:34:43+00:00,,,,,,True,False,False,Pass,Pass,Pass,Pass,Pass,Pass,,,,,,,,,False,3,1953,0,
https://www.wellsfargo.com/assets/pdf/home-lending/mortgage-assistance-application.pdf,mortgage-assistance-application.pdf,wellsfargo.com,,,—,analysed,2026-03-12T21:12:46.791692+00:00,2022-07-28 17:06:25+00:00,,,,,,True,False,False,Pass,Pass,Pass,Pass,Pass,Pass,,,,,,,,,False,4,1655,0,
https://www.wellsfargo.com/assets/pdf/home-lending/mortgage-assistance-debts-expense.pdf,mortgage-assistance-debts-expense.pdf,wellsfargo.com,,,—,analysed,2026-03-12T21:12:46.793361+00:00,2023-04-26 20:12:29+00:00,,,,,,True,False,False,Pass,Pass,Pass,Pass,Pass,Pass,,,,,,,,,False,6,1974,0,
https://www.wellsfargo.com/assets/es/pdf/small-business/checking/navigate.pdf,navigate.pdf,wellsfargo.com,,,—,analysed,2026-03-12T21:12:46.794338+00:00,2025-10-17 19:32:04+00:00,,,,,,True,False,False,Pass,Pass,Pass,Pass,Pass,Pass,,,,,,,,,False,3,2009,0,
https://www.wellsfargo.com/assets/pdf/personal/online-banking/online-wires-supported-currency-list.pdf,online-wires-supported-currency-list-0.pdf,wellsfargo.com,,,—,analysed,2026-03-12T21:12:46.795230+00:00,2026-02-02 21:23:37+00:00,,,,,,True,False,False,Pass,Pass,Pass,Pass,Pass,Pass,,,,,,,,,False,8,1744,0,
https://www.wellsfargo.com/assets/es/pdf/personal/online-banking/online-wires-supported-currency-list.pdf,online-wires-supported-currency-list.pdf,wellsfargo.com,,179623,175.4 KB,analysed,2026-03-12T21:12:46.796172+00:00,2026-02-04 22:11:47+00:00,,,,,,True,False,,Pass,Pass,Pass,Pass,Pass,Pass,Pass,NotApplicable,NotApplicable,NotApplicable,Pass,Warn,NotApplicable,Pass,False,8,,,"fonts:/BCDHEE+WellsFargoSans-SemiBold, /BCDIEE+WellsFargoSans-Light, /BCDEEE+WellsFargoSans-Regular, /BCDGEE+WellsFargoSans-Display, /BCDFEE+WellsFargoSans-Condensedheadings-none, "
https://www.wellsfargo.com/assets/es/pdf/small-business/checking/optimize.pdf,optimize.pdf,wellsfargo.com,,,—,analysed,2026-03-12T21:12:46.797068+00:00,2025-10-16 12:08:00+00:00,,,,,,True,False,False,Pass,Pass,Pass,Pass,Pass,Pass,,,,,,,,,False,4,2469,0,
https://www.wellsfargo.com/assets/pdf/home-lending/payment-assist-mtg-assumption-terms-acknowledgment.pdf,payment-assist-mtg-assumption-terms-acknowledgment.pdf,wellsfargo.com,,,—,analysed,2026-03-12T21:12:46.797864+00:00,2023-10-26 19:45:09+00:00,,,,,,True,False,False,Pass,Pass,Pass,Pass,Pass,Pass,,,,,,,,,False,2,564,0,
https://www.wellsfargo.com/assets/pdf/small-business/credit-cards/platinum-visa-guide-to-benefits.pdf,platinum-visa-guide-to-benefits.pdf,wellsfargo.com,,,—,analysed,2026-03-12T21:12:46.799950+00:00,2022-08-17 13:08:47+00:00,,,,,,True,False,False,Pass,Pass,Pass,Pass,Pass,Pass,,,,,,,,,False,12,6592,0,
https://www.wellsfargo.com/assets/pdf/home-lending/poa-affidavit.pdf,poa-affidavit.pdf,wellsfargo.com,,,—,analysed,2026-03-12T21:12:46.801021+00:00,2023-05-19 09:59:57+00:00,,,,,,True,False,False,Pass,Pass,Pass,Pass,Pass,Pass,,,,,,,,,False,4,1281,9,
https://www.wellsfargo.com/assets/pdf/personal/help/power-of-attorney.pdf,power-of-attorney.pdf,wellsfargo.com,,,—,analysed,2026-03-12T21:12:46.802502+00:00,2024-07-09 14:37:29+00:00,,,,,,True,False,False,Pass,Pass,Pass,Pass,Pass,Pass,,,,,,,,,False,3,1013,3,
https://www.wellsfargo.com/assets/pdf/home-lending/profit-and-loss-statement.pdf,profit-and-loss-statement.pdf,wellsfargo.com,,,—,analysed,2026-03-12T21:12:46.803734+00:00,2018-11-29 17:45:29+00:00,,,,,,True,False,False,Pass,Pass,Pass,Pass,Pass,Pass,,,,,,,,,False,2,329,0,
https://www.wellsfargo.com/assets/pdf/home-lending/real-estate-schedule.pdf,real-estate-schedule.pdf,wellsfargo.com,,,—,analysed,2026-03-12T21:12:46.804565+00:00,2023-04-21 20:41:30+00:00,,,,,,True,False,False,Pass,Pass,Pass,Pass,Pass,Pass,,,,,,,,,False,1,359,2,
https://www.wellsfargo.com/assets/pdf/home-lending/restriction-request.pdf,restriction-request.pdf,wellsfargo.com,,,—,analysed,2026-03-12T21:12:46.805309+00:00,2023-04-21 19:58:36+00:00,,,,,,True,False,False,Pass,Pass,Pass,Pass,Pass,Pass,,,,,,,,,False,1,144,0,
https://www.wellsfargo.com/assets/pdf/home-lending/statement-of-information.pdf,statement-of-information.pdf,wellsfargo.com,,,—,analysed,2026-03-12T21:12:46.806170+00:00,2025-08-05 14:43:39+00:00,,,,,,True,False,False,Pass,Pass,Pass,Pass,Pass,Pass,,,,,,,,,False,2,375,1,
https://www.wellsfargo.com/assets/pdf/commercial/international/resources/swift-intermediary-bank-details.pdf,swift-intermediary-bank-details.pdf,wellsfargo.com,,,—,analysed,2026-03-12T21:12:46.806915+00:00,2025-09-09 19:43:59+00:00,,,,,,True,False,False,Pass,Pass,Pass,Pass,Pass,Pass,,,,,,,,,False,1,223,0,
https://www.wellsfargo.com/assets/es/pdf/personal/debit-card/terms-and-conditions.pdf,terms-and-conditions-0.pdf,wellsfargo.com,,,—,analysed,2026-03-12T21:12:46.809168+00:00,2025-10-07 10:57:25+00:00,,,,,,True,False,False,Pass,Pass,Pass,Pass,Pass,Pass,,,,,,,,,False,8,8312,0,
https://www.wellsfargo.com/assets/pdf/personal/my-wells-fargo-deals/terms-and-conditions-spanish.pdf,terms-and-conditions-spanish.pdf,wellsfargo.com,,,—,analysed,2026-03-12T21:12:46.809940+00:00,2025-10-08 11:34:23-05:00,,,,,,True,False,False,Pass,Pass,Pass,Pass,Pass,Pass,,,,,,,,,False,3,2290,0,
https://www.wellsfargo.com/assets/es/pdf/small-business/debit-card/terms-and-conditions.pdf,terms-and-conditions.pdf,wellsfargo.com,,,—,analysed,2026-03-12T21:12:46.811035+00:00,2025-10-07 19:59:10+00:00,,,,,,True,False,False,Pass,Pass,Pass,Pass,Pass,Pass,,,,,,,,,False,8,7304,0,
https://www.wellsfargo.com/assets/pdf/home-lending/third-party-release.pdf,third-party-release.pdf,wellsfargo.com,,,—,analysed,2026-03-12T21:12:46.811854+00:00,2023-11-09 18:30:39+00:00,,,,,,True,False,False,Pass,Pass,Pass,Pass,Pass,Pass,,,,,,,,,False,1,308,1,
https://www.wellsfargo.com/assets/pdf/small-business/credit-cards/travel-accident-and-baggage-delay.pdf,travel-accident-and-baggage-delay.pdf,wellsfargo.com,,,—,analysed,2026-03-12T21:12:46.812755+00:00,2024-07-11 15:28:51+00:00,,,,,,True,False,False,Pass,Pass,Pass,Pass,Pass,Pass,,,,,,,,,False,10,4674,0,
https://www.wellsfargo.com/assets/pdf/about/corporate/us-purchase-order-terms.pdf,us-purchase-order-terms.pdf,wellsfargo.com,,,—,analysed,2026-03-12T21:12:46.814207+00:00,2025-03-31 16:37:49+00:00,,,,,,True,False,False,Pass,Pass,Pass,Pass,Pass,Pass,,,,,,,,,False,20,25841,0,
https://www.wellsfargo.com/assets/pdf/personal/privacy-security/us_consumer_privacy_notice_english.pdf,us_consumer_privacy_notice_english.pdf,wellsfargo.com,,141580,138.3 KB,analysed,2026-03-12T21:12:46.815079+00:00,2025-04-23 19:06:38+00:00,,,,,,True,False,,Pass,Pass,Pass,Pass,Pass,Pass,Pass,NotApplicable,NotApplicable,Pass,Pass,Pass,Pass,Pass,False,3,,,"fonts:/BCDFEE+WellsFargoSans-Bold, /BCDGEE+WellsFargoSans-Regular, /BCDEEE+WellsFargoSans-Regular, /UYQNJJ+MinionPro-Regular, /FBEDKT+Arial, /BCDJEE+WellsFargoSans-Italic, /BCDHEE+WellsFargoSans-SemiBold, /BCDKEE+Calibri, /BCDLEE+WellsFargoSans-BoldItalic, /BCDIEE+WellsFargoSans-SemiBold"
https://www.wellsfargo.com/assets/es/pdf/personal/debit-card/visa-benefits-guide.pdf,visa-benefits-guide.pdf,wellsfargo.com,,,—,analysed,2026-03-12T21:12:46.816192+00:00,2024-09-13 22:31:54+00:00,,,,,,True,False,False,Pass,Pass,Pass,Pass,Pass,Pass,,,,,,,,,False,9,7466,0,
https://www.wellsfargo.com/assets/pdf/small-business/credit-cards/visa-signature-business-benefits.pdf,visa-signature-business-benefits.pdf,wellsfargo.com,,995016,971.7 KB,analysed,2026-03-12T21:12:46.818453+00:00,2022-07-22 16:07:13+00:00,,,,,,True,False,,Pass,Pass,Pass,Pass,Pass,Pass,Pass,NotApplicable,NotApplicable,Pass,Pass,Pass,Pass,NotApplicable,False,16,,,"fonts:/WBYJIU+Univers-CondensedLight, /WBYJIU+UniversLTStd-LightCn, /WBYJIU+Univers-BlackOblique, /WBYJIU+MyriadPro-Regular, /WBYJIU+UniversLTStd-BoldCn, /WBYJIU+Univers-CondensedBold, /WBYJIU+UniversLTStd-BoldCnObl, /WBYJIU+UniversLTStd-LightCnObl"
https://www.eeoc.gov/sites/default/files/2023-06/22-088_EEOC_KnowYourRights6.12.pdf,22-088_EEOC_KnowYourRights6.12.pdf,wellsfargo.com,eeoc.gov,450300,439.7 KB,analysed,2026-07-10T13:33:36.839628+00:00,2023-06-12 16:56:47+00:00,,,,,,True,False,,Pass,Pass,Pass,Pass,Pass,Pass,Pass,NotApplicable,NotApplicable,Pass,Pass,Pass,NotApplicable,NotApplicable,False,2,,,"fonts:/FZIHZX+Calibri-Bold, /FZIHZX+Calibri-Italic, /FZIHZX+Impact, /FZIHZX+Cambria, /FZIHZX+Calibri"
https://www.eeoc.gov/sites/default/files/2023-06/22-088_EEOC_KnowYourRightsSp6.12.pdf,22-088_EEOC_KnowYourRightsSp6.12.pdf,wellsfargo.com,eeoc.gov,395097,385.8 KB,analysed,2026-07-10T13:33:36.846143+00:00,2023-06-12 16:56:28+00:00,,,,,,True,False,,Pass,Pass,Pass,Pass,Pass,Pass,Pass,NotApplicable,NotApplicable,Pass,Pass,Pass,NotApplicable,NotApplicable,False,2,,,"fonts:/OEUJVF+Calibri, /OEUJVF+Cambria, /OEUJVF+Impact, /OEUJVF+Calibri-Italic, /OEUJVF+Calibri-Bold"
https://www.wellsfargoadvisors.com/bw/wellstrade/forms/542661.pdf,542661.pdf,wellsfargo.com,wellsfargoadvisors.com,1274495,1.2 MB,analysed,2026-07-10T13:33:36.854569+00:00,2026-02-18 19:51:14+00:00,,,,,,False,False,,Pass,Pass,Pass,Pass,Pass,Pass,Pass,Fail,Fail,Pass,Pass,Pass,Pass,NotApplicable,False,2,,,"fonts:/AACRAY+MyriadPro-Regular, /KHEEKE+Arial-BoldItalicMT, /CVDDCU+Arial-BoldMT, /TFNBGM+Arial-ItalicMT, /LORFYC+ArialMTforms-fail, forms-tagging-fail, "
https://www.wellsfargoadvisors.com/bw/wellstrade/forms/544260.pdf,544260.pdf,wellsfargo.com,wellsfargoadvisors.com,592731,578.8 KB,analysed,2026-07-10T13:33:36.861039+00:00,2026-05-08 11:01:09+00:00,,,,,,False,False,,Pass,Pass,Pass,Pass,Pass,Pass,Pass,NotApplicable,NotApplicable,Pass,Pass,Pass,Pass,Pass,False,23,,,"fonts:/NTWIYX+Arial-ItalicMT, /ZYYXKZ+TimesNewRomanPSMT, /DRYAOR+Arial-BoldMT, /ZYYXKZ+Verdana, /NTWIYX+ArialMTalt-nested-fail, "
https://www.wellsfargoadvisors.com/bw/wellstrade/forms/544408.pdf,544408.pdf,wellsfargo.com,wellsfargoadvisors.com,542153,529.4 KB,analysed,2026-07-10T13:33:36.866859+00:00,2026-05-26 17:51:41+00:00,,,,,,True,False,,Pass,Pass,Pass,Pass,Pass,Pass,Pass,NotApplicable,NotApplicable,Pass,Pass,Pass,Warn,Pass,False,22,,,"fonts:/HWKFOA+ArialMT, /SPZYME+Arial-BoldMTlists-warn, "
https://www.wellsfargoadvisors.com/bw/wellstrade/forms/578639.pdf,578639.pdf,wellsfargo.com,wellsfargoadvisors.com,858467,838.3 KB,analysed,2026-07-10T13:33:36.872736+00:00,2026-05-20 17:50:18+00:00,,,,,,False,False,,Pass,Pass,Pass,Pass,Pass,Pass,Pass,Fail,Fail,Pass,Pass,Pass,Pass,NotApplicable,False,8,,,"fonts:/PTTNFO+Arial-BoldMT, /GIDLJG+Arial-ItalicMT, /BYQHRQ+ArialMTforms-fail, forms-tagging-fail, "
https://www.wellsfargoadvisors.com/bw/wellstrade/forms/579609.pdf,579609.pdf,wellsfargo.com,wellsfargoadvisors.com,256496,250.5 KB,analysed,2026-07-10T13:33:36.876540+00:00,2022-03-25 13:52:59+00:00,,,,,,False,False,,Pass,Pass,Pass,Pass,Pass,Pass,Pass,Fail,Fail,Pass,Pass,Pass,Pass,Pass,False,2,,,"fonts:/AWJCUO+Arial-ItalicMT, /LXWQSS+Arial-BoldItalicMT, /IAMDCY+Arial-BoldMT, /ZUAGGQ+ArialMT, /SSGBME+TimesNewRomanPSMTforms-fail, forms-tagging-fail, "
https://www.wellsfargoadvisors.com/bw/wellstrade/forms/583026.pdf,583026.pdf,wellsfargo.com,wellsfargoadvisors.com,1410769,1.3 MB,analysed,2026-07-10T13:33:36.883053+00:00,2024-12-18 14:35:34+00:00,,,,,,False,False,,Pass,Pass,Pass,Pass,Pass,Pass,Pass,Fail,Fail,Pass,Pass,Pass,Pass,NotApplicable,False,2,,,"fonts:/CIXSPT+Verdana-Italic, /BLNWBV+Arial-BoldMT, /NYNQNX+ArialMT, /NRIBIX+Verdana, /OSYRBV+Verdana-Boldforms-fail, forms-tagging-fail, "
https://www.wellsfargoadvisors.com/bw/wellstrade/forms/585793.pdf,585793.pdf,wellsfargo.com,wellsfargoadvisors.com,1969219,1.9 MB,analysed,2026-07-10T13:33:36.891697+00:00,2026-03-02 23:43:35+00:00,,,,,,False,False,,Pass,Pass,Pass,Pass,Pass,Pass,Pass,Fail,Fail,Pass,Pass,Pass,Pass,Pass,False,9,,,"fonts:/HQHAJP+Arial-ItalicMT, /MIXEBF+MyriadPro-Regular, /HQHAJP+ArialMT, /LOMDNH+Arial-BoldItalicMT, /XOJSZJ+Arial-BoldMTforms-fail, forms-tagging-fail, "
https://www.wellsfargoadvisors.com/bw/wellstrade/forms/585794.pdf,585794.pdf,wellsfargo.com,wellsfargoadvisors.com,200322,195.6 KB,analysed,2026-07-10T13:33:36.895776+00:00,2021-11-20 17:17:45+00:00,,,,,,False,False,,Pass,Pass,Pass,Pass,Pass,Pass,Pass,Fail,Pass,Pass,Pass,Pass,Pass,NotApplicable,False,2,,,"fonts:/FWMPTY+Arial-BoldMT, /QXZDRC+Arial-ItalicMT, /BIQWUL+ArialMT, /LFOEER+TimesNewRomanPSMTforms-fail, "
https://www.wellsfargoadvisors.com/bw/wellstrade/forms/585797.pdf,585797.pdf,wellsfargo.com,wellsfargoadvisors.com,1414850,1.3 MB,analysed,2026-07-10T13:33:36.902880+00:00,2025-07-23 14:26:05+00:00,,,,,,False,False,,Pass,Pass,Pass,Pass,Pass,Pass,Pass,Fail,Fail,Pass,Pass,Pass,Pass,NotApplicable,False,12,,,"fonts:/LSQHMC+ArialMT, /GAFIUM+Arial-BoldMT, /TERIUM+Arial-ItalicMT, /PQVKQU+Arial-BoldItalicMTforms-fail, forms-tagging-fail, "
https://www.wellsfargoadvisors.com/bw/wellstrade/forms/586360.pdf,586360.pdf,wellsfargo.com,wellsfargoadvisors.com,906024,884.8 KB,analysed,2026-07-10T13:33:36.908407+00:00,2026-06-16 20:39:15+00:00,,,,,,False,False,,Pass,Pass,Pass,Pass,Pass,Pass,Pass,Fail,Fail,Pass,Pass,Pass,Pass,Pass,False,6,,,"fonts:/HCOQEF+Arial-ItalicMT, /KWENUZ+Arial-BoldItalicMT, /AHEFKT+Arial-BoldMT, /AXAAKT+MyriadPro-Regular, /UGAQEF+ArialMTforms-fail, forms-tagging-fail, "
https://www.wellsfargoadvisors.com/bw/wellstrade/forms/586361.pdf,586361.pdf,wellsfargo.com,wellsfargoadvisors.com,1454442,1.4 MB,analysed,2026-07-10T13:33:36.915103+00:00,2024-08-01 19:45:50+00:00,,,,,,False,False,,Pass,Pass,Pass,Pass,Pass,Pass,Pass,Fail,Fail,Pass,Pass,Pass,Pass,NotApplicable,False,3,,,"fonts:/WBOJYG+Arial-BoldItalicMT, /IOOYKI+ArialMT, /SDOLUO+Arial-ItalicMT, /GDRRIM+Arial-BoldMTforms-fail, forms-tagging-fail, "
https://www.wellsfargoadvisors.com/bw/wellstrade/forms/587740.pdf,587740.pdf,wellsfargo.com,wellsfargoadvisors.com,170928,166.9 KB,analysed,2026-07-10T13:33:36.918503+00:00,2021-12-16 17:31:01+00:00,,,,,,False,False,,Pass,Pass,Pass,Pass,Pass,Pass,Pass,Fail,Pass,Pass,Pass,Pass,Pass,NotApplicable,False,1,,,"fonts:/YXSCIW+ArialMT, /XOERUY+Arial-BoldItalicMT, /UZSZEE+Arial-BoldMTforms-fail, "
https://www.wellsfargoadvisors.com/bw/wellstrade/forms/588287.pdf,588287.pdf,wellsfargo.com,wellsfargoadvisors.com,928175,906.4 KB,analysed,2026-07-10T13:33:36.923284+00:00,2026-04-08 16:01:51+00:00,,,,,,False,False,,Pass,Pass,Pass,Pass,Pass,Pass,Pass,Fail,Fail,Pass,Pass,Pass,Pass,Pass,False,5,,,"fonts:/BGMTMV+Arial-BoldMT, /GQZXEL+Arial-BoldItalicMT, /JFLPUF+ArialMT, /RRMLCP+Arial-ItalicMTforms-fail, forms-tagging-fail, "
https://www.wellsfargoadvisors.com/bw/wellstrade/forms/589852.pdf,589852.pdf,wellsfargo.com,wellsfargoadvisors.com,725657,708.6 KB,analysed,2026-07-10T13:33:36.927529+00:00,2026-04-29 11:39:52+00:00,,,,,,True,False,,Pass,Pass,Pass,Pass,Pass,Pass,Pass,NotApplicable,NotApplicable,Pass,Pass,Pass,Pass,Pass,False,36,,,"fonts:/PCXTIP+Arial-BoldMT, /DXVZWN+Arial-BoldItalicMT, /YAGVEX+ArialMT, /PCXTIP+Arial-ItalicMT"
https://www.wellsfargoadvisors.com/bw/wellstrade/forms/590907.pdf,590907.pdf,wellsfargo.com,wellsfargoadvisors.com,860656,840.5 KB,analysed,2026-07-10T13:33:36.932270+00:00,2025-07-07 13:55:04+00:00,,,,,,False,False,,Pass,Pass,Pass,Pass,Pass,Pass,Pass,Fail,Fail,Pass,Pass,Pass,Pass,NotApplicable,False,3,,,"fonts:/OKYMPV+Arial-BoldMT, /DZMTRR+Arial-ItalicMT, /ZQPFNZ+Arial-BoldItalicMT, /DHKTRR+ArialMTforms-fail, forms-tagging-fail, "
https://www.wellsfargoadvisors.com/bw/wellstrade/forms/590921.pdf,590921.pdf,wellsfargo.com,wellsfargoadvisors.com,749260,731.7 KB,analysed,2026-07-10T13:33:36.936730+00:00,2025-11-14 18:07:58+00:00,,,,,,False,False,,Pass,Pass,Pass,Pass,Pass,Pass,Pass,Fail,Fail,Pass,Pass,Pass,Pass,NotApplicable,False,1,,,"fonts:/KAZIPZ+ArialMT, /QJBSVN+Arial-BoldMTforms-fail, forms-tagging-fail, "
https://www.wellsfargoadvisors.com/bw/wellstrade/forms/593931.pdf,593931.pdf,wellsfargo.com,wellsfargoadvisors.com,8257556,7.9 MB,analysed,2026-07-10T13:33:36.960702+00:00,2023-08-08 16:03:43+00:00,,,,,,True,False,,Pass,Pass,Pass,Pass,Pass,Pass,Pass,Pass,Pass,Pass,Pass,Pass,Warn,NotApplicable,False,3,,,"fonts:/UNWILP+Arial-ItalicMT, /TXSSWH+Arial, /XCIVBJ+Arial-BoldItalicMT, /YROWPH+Arial-BoldMT, /EJBAVV+ArialMT, /YOYQIX+Arial-ItalicMTlists-warn, "
https://www.wellsfargoadvisors.com/bw/wellstrade/forms/595906.pdf,595906.pdf,wellsfargo.com,wellsfargoadvisors.com,186182,181.8 KB,analysed,2026-07-10T13:33:36.966101+00:00,2022-01-26 21:36:58+00:00,,,,,,True,False,,Pass,Pass,Pass,Pass,Pass,Pass,Pass,NotApplicable,NotApplicable,Pass,Pass,Pass,Pass,Pass,False,1,,,"fonts:/ZXENJV+Arial-BoldMT, /KYRBHZ+ArialMT, /EXNMBL+Georgia"
https://www.wellsfargo.com/assets/pdf/small-business/ADD-CA-EN.pdf,ADD-CA-EN.pdf,wellsfargo.com,,142947,139.6 KB,analysed,2026-07-10T13:33:36.970325+00:00,2026-05-15 15:11:25+00:00,,,,,,True,False,,Pass,Pass,Pass,Pass,Pass,Pass,Pass,NotApplicable,NotApplicable,NotApplicable,Pass,Pass,Pass,Pass,False,5,,,"fonts:/RSVTAQ+WellsFargoSans-Bold, /IUMWEI+WellsFargoSans-Display, /CGUSFT+TimesNewRoman, /YXJOUC+WellsFargoSans-Light, /IUMWEI+WellsFargoSans-Regular, /BUYBKW+WellsFargoSans-SemiBold"
https://www.wellsfargo.com/assets/pdf/privacy-security/DMCA-notice.pdf,DMCA-notice.pdf,wellsfargo.com,,177652,173.5 KB,analysed,2026-07-10T13:33:36.973757+00:00,2021-09-20 21:03:29+00:00,,,,,,True,False,,Pass,Pass,Pass,Pass,Pass,Pass,Pass,NotApplicable,NotApplicable,Pass,Pass,Pass,Pass,NotApplicable,False,2,,,"fonts:/ADRKKN+Arial, /EZATGQ+ArialMT, /XATOEO+Arial"
https://www.wellsfargo.com/assets/pdf/es/small-business/deposits/online-disclosures/addenda/california.pdf,california.pdf,wellsfargo.com,,203582,198.8 KB,analysed,2026-07-10T13:33:36.977119+00:00,2026-05-18 09:30:47+00:00,,,,,,True,False,,Pass,Pass,Pass,Pass,Pass,Pass,Pass,NotApplicable,NotApplicable,NotApplicable,Pass,Pass,Pass,Pass,False,8,,,"fonts:/QPMLII+WellsFargoSans-Regular, /IQNPAY+WellsFargoSans-Light, /DERIGC+TimesNewRoman, /XPAGCU+WellsFargoSans-Light, /ZNVNEQ+WellsFargoSans-SemiBold, /QPMLII+WellsFargoSans-Display, /QPMLII+WellsFargoSans-Bold"
https://www.wellsfargo.com/fetch-pdf?formNumber=CNS2013&subProductCode=ANY,fetch-pdf-0.pdf,wellsfargo.com,,273707,267.3 KB,analysed,2026-07-10T13:33:36.983322+00:00,2025-09-17 21:07:21+00:00,,,,,,True,False,,Pass,Pass,Pass,Pass,Pass,Pass,Pass,NotApplicable,NotApplicable,Pass,Pass,Pass,Pass,Pass,False,12,,,"fonts:/LVCTKS+WellsFargoSans-Regular, /KRNNWU+WellsFargoSans-Regular, /JSDHIW+WellsFargoSans-Display, /EIQDQG+WellsFargoSans-Light, /FMAJEE+WellsFargoSans-Bold, /HPZVGA+WellsFargoSans-Bold, /CFMROK+WellsFargoSans-Light, /ACNFMO+WellsFargoSans-BoldItalic, /BAKYDQ+TimesNewRoman"
https://www.wellsfargo.com/fetch-pdf?formNumber=CCB2018C&subProductCode=ANY,fetch-pdf-1.pdf,wellsfargo.com,,540733,528.1 KB,analysed,2026-07-10T13:33:36.987148+00:00,2025-09-23 20:40:35+00:00,,,,,,True,False,,Pass,Pass,Pass,Pass,Pass,Pass,Pass,NotApplicable,NotApplicable,Pass,Pass,Pass,Pass,Pass,False,44,,,"fonts:/SOBPUY+WellsFargoSans-Light, /MFZFOK+WellsFargoSans-Bold, /LBPZAM+Wingdings-Regular, /PYGQJE+WellsFargoSans-Regular, /RPMJGA+WellsFargoSans-Regular, /OIDRQG+WellsFargoSans-Bold, /BBVRHB+TimesNewRoman, /TSQVIW+WellsFargoSans-Light, /PMNXEE+WellsFargoSans-Display"
https://www.wellsfargo.com/fetch-pdf?formNumber=CNS2013SP&subProductCode=ANY,fetch-pdf-2.pdf,wellsfargo.com,,214687,209.7 KB,analysed,2026-07-10T13:33:36.990066+00:00,2025-09-17 21:10:48+00:00,,,,,,True,False,,Pass,Pass,Pass,Pass,Pass,Pass,Pass,NotApplicable,NotApplicable,Pass,Pass,Pass,Pass,Pass,False,16,,,"fonts:/EQAPZK+WellsFargoSans-Regular, /ZTLGHU+WellsFargoSans-Bold, /OSYXJQ+WellsFargoSans-Bold, /OSYXJQ+WellsFargoSans-Regular, /ZTLGHU+WellsFargoSans-Light, /OSYXJQ+WellsFargoSans-Display"
https://www.wellsfargo.com/fetch-pdf?documentName=Account%20Addenda&subProductCode=ANY,fetch-pdf.pdf,wellsfargo.com,,194204,189.7 KB,analysed,2026-07-10T13:33:36.992867+00:00,2026-06-26 14:15:58+00:00,,,,,,True,False,,Pass,Pass,Pass,Pass,Pass,Pass,Pass,NotApplicable,NotApplicable,Pass,Pass,Pass,Pass,Pass,False,5,,,"fonts:/OOFGNL+WellsFargoSans-Display, /AGEAZN+WellsFargoSans-SemiBold, /IFDRHX+WellsFargoSans-Bold, /TPEDCH+TimesNewRoman, /FQRERD+Calibri, /SCBZRD+WellsFargoSans-Regular, /CBFMBJ+WellsFargoSans-Light, /MBCPLP+Calibri-Bold, /ZZRULP+WellsFargoSans-Light"
https://www.irs.gov/pub/irs-pdf/fw8ben.pdf,fw8ben.pdf,wellsfargo.com,irs.gov,67700,66.1 KB,analysed,2026-07-10T13:33:36.995381+00:00,2021-09-30 10:59:45+00:00,,,,,,False,False,,Pass,Pass,Pass,Pass,Pass,Pass,Pass,Fail,Fail,Pass,Pass,Pass,Pass,NotApplicable,False,1,,,"fonts:/CFUVYJ+HelveticaNeueLTStd-Roman, /CNSQYJ+UniversalStd-NewswithCommPi, /DWGBMH+HelveticaNeueLTStd-BlkCn, /AKTEWN+UniversalStd-NewswithCommPi, /ZQIDIP+HelveticaNeueLTStd-BdIt, /EAVHAF+AdobePiStd, /THGTCB+HelveticaNeueLTStd-Bd, /MCSDIP+ITCFranklinGothicStd-Demiforms-fail, forms-tagging-fail, "
https://www.irs.gov/pub/irs-pdf/fw9.pdf,fw9.pdf,wellsfargo.com,irs.gov,140815,137.5 KB,analysed,2026-07-10T13:33:36.997953+00:00,2024-03-06 13:18:13+00:00,,,,,,False,False,,Pass,Pass,Pass,Pass,Pass,Pass,Pass,Fail,Fail,Pass,Pass,Fail,Pass,Pass,False,6,,,"fonts:/ZKUMQA+HelveticaNeueLTStd-BlkCn, /OKAJSW+HelveticaNeueLTStd-Roman, /MBEHQA+HelveticaNeueLTStd-Bd, /MCXSQA+ITCFranklinGothicStd-Demi, /FEOMWO+HelveticaNeueLTStd-It, /PVUZGU+HelveticaNeueLTStd-BdItheadings-skip, forms-fail, forms-tagging-fail, "
https://www.wellsfargo.com/assets/pdf/personal/privacy-security/fraud/identity-theft-kit.pdf,identity-theft-kit.pdf,wellsfargo.com,,472418,461.3 KB,error,2026-07-10T13:33:37.002412+00:00,,,,,,,,,,,,,,,,,,,,,,,,,,,,"File not found: crawled_files/wellsfargo.com/identity-theft-kit.pdf (crawled 0.0 day(s) ago at 2026-07-10T13:33:37.002412+00:00). Possible causes: failed download, incomplete artifact transfer, or stale manifest entry from a previous run."
https://www.wellsfargo.com/assets/pdf/personal/checking/set-up-direct-deposit-CNS3519.pdf,set-up-direct-deposit-CNS3519.pdf,wellsfargo.com,,182062,177.8 KB,analysed,2026-07-10T13:33:37.006351+00:00,2024-09-23 20:57:51+00:00,,,,,,True,False,,Pass,Pass,Pass,Pass,Pass,Pass,Pass,Pass,Pass,NotApplicable,Pass,Pass,Pass,Pass,False,1,,,"fonts:/NWWZYI+Arial-BoldMT, /PMXQAE+WellsFargoSans-Regular, /GJFJEW+ArialMT, /ANKZYI+WellsFargoSans-Italic, /BZSFMG+MICR12byBT-Regular, /IMJVGS+Arial-BoldMT, /KPENVD+TimesNewRoman, /KHKMIO+WellsFargoSans-SemiBold, /SBJDQY+WellsFargoSans-Bold, /YKGNWM+Webdings, /FXXDQY+WellsFargoSans-Italic"
https://www08.wellsfargomedia.com/assets/pdf/personal/privacy-security/us_consumer_privacy_notice_english.pdf,us_consumer_privacy_notice_english-0.pdf,wellsfargo.com,www08.wellsfargomedia.com,141580,138.3 KB,analysed,2026-07-10T13:33:37.009002+00:00,2025-04-23 19:06:38+00:00,,,,,,True,False,,Pass,Pass,Pass,Pass,Pass,Pass,Pass,NotApplicable,NotApplicable,Pass,Pass,Pass,Pass,Pass,False,3,,,"fonts:/BCDFEE+WellsFargoSans-Bold, /BCDGEE+WellsFargoSans-Regular, /BCDEEE+WellsFargoSans-Regular, /UYQNJJ+MinionPro-Regular, /FBEDKT+Arial, /BCDJEE+WellsFargoSans-Italic, /BCDHEE+WellsFargoSans-SemiBold, /BCDKEE+Calibri, /BCDLEE+WellsFargoSans-BoldItalic, /BCDIEE+WellsFargoSans-SemiBold"
